Transaction Description,Amount Debit,Amount Credit,Balance,Category
Peet's Coffee Angelaborough OR,0,112,379,Coffee
Starbucks South Victorberg KY,106,0,6170,Coffee
Starbucks New Kimberlymouth NM,110,0,2126,Coffee
Starbucks Vargasmouth OR,425,0,1224,Coffee
Dunkin New John IL,0,391,2600,Coffee
Peet's Coffee Davidstad KY,0,91,4022,Coffee
Starbucks Woodland NE,0,40,734,Coffee
Starbucks Washingtonview PW,0,340,3657,Coffee
Dunkin Michaelside VI,0,131,1836,Coffee
Starbucks Aguilarhaven MS,0,248,4881,Coffee
Dunkin West Lisa NM,0,64,5510,Coffee
Starbucks Lake Markbury IN,0,364,4847,Coffee
Starbucks Stevenview ID,0,42,3828,Coffee
Dunkin Ellenbury DC,0,318,654,Coffee
Starbucks Ortizland MD,52,0,7191,Coffee
Peet's Coffee Evansside OK,91,0,7588,Coffee
Dunkin Philipshire MI,0,376,3696,Coffee
Dunkin Lake Heather FL,0,261,2921,Coffee
Peet's Coffee Mollyland MH,89,0,7825,Coffee
Starbucks Port Crystal MN,0,238,4015,Coffee
Peet's Coffee Zoeberg DE,138,0,6701,Coffee
Starbucks Carrhaven CO,115,0,7010,Coffee
Starbucks East Christine NJ,410,0,7280,Coffee
Dunkin East Brian MD,0,229,5694,Coffee
Dunkin Browningport FM,0,116,410,Coffee
Peet's Coffee Greeneville TN,0,96,5185,Coffee
Peet's Coffee Johnport MD,414,0,1116,Coffee
Dunkin Staceyberg MO,0,284,5052,Coffee
Dunkin East Helen SC,43,0,5836,Coffee
Dunkin New Scottburgh TX,0,312,7834,Coffee
Dunkin Millerfort NY,0,377,5431,Coffee
Dunkin Walkerville ID,0,116,5866,Coffee
Dunkin Amyside PA,147,0,2331,Coffee
Starbucks East Aaronmouth TX,416,0,7638,Coffee
Dunkin East Tim TN,0,346,1209,Coffee
Peet's Coffee Bryanberg OR,0,5,7255,Coffee
Starbucks Lake Robertfort MA,223,0,4974,Coffee
Starbucks Hallton PA,0,256,6969,Coffee
Starbucks Kelleyhaven OR,68,0,3695,Coffee
Starbucks Carlsonmouth DC,0,263,1555,Coffee
Starbucks Murphyborough LA,81,0,3406,Coffee
Dunkin Port Ashley AZ,0,94,5423,Coffee
Peet's Coffee Hopkinsburgh VI,64,0,5112,Coffee
Starbucks Josephstad WY,0,262,887,Coffee
Dunkin Snowview DE,342,0,1331,Coffee
Starbucks Sarahburgh MS,410,0,7555,Coffee
Dunkin East Christopherland CT,0,323,2551,Coffee
Dunkin Allenview AR,17,0,587,Coffee
Peet's Coffee Andrewfort NH,222,0,3569,Coffee
Dunkin Anthonyfurt IL,260,0,3300,Coffee
Peet's Coffee South Manuel AK,229,0,2287,Coffee
Dunkin Nathanton KS,0,313,1942,Coffee
Dunkin New Rebeccaville LA,328,0,2810,Coffee
Peet's Coffee Ethanberg NJ,0,489,6777,Coffee
Peet's Coffee Robinsontown ID,0,424,6193,Coffee
Peet's Coffee North Ericaton OK,467,0,2812,Coffee
Peet's Coffee Seanview FM,53,0,616,Coffee
Starbucks East Rebecca MS,180,0,1417,Coffee
Peet's Coffee Leeshire KY,258,0,6154,Coffee
Dunkin Williamsfort NV,0,203,3952,Coffee
Peet's Coffee North Meaganborough FL,429,0,5328,Coffee
Peet's Coffee Wyattside PR,474,0,6721,Coffee
Peet's Coffee Bakerland OH,96,0,1518,Coffee
Peet's Coffee Sullivanmouth CT,493,0,4473,Coffee
Dunkin Catherineberg MN,0,455,5994,Coffee
Peet's Coffee Lake Ruben WI,0,80,912,Coffee
Starbucks Silvachester KS,415,0,3903,Coffee
Starbucks North Christine FM,283,0,6476,Coffee
Peet's Coffee Dunnview NH,0,39,2119,Coffee
Peet's Coffee Holmesborough KS,466,0,1760,Coffee
Dunkin Markport ND,0,430,4531,Coffee
Starbucks Heatherton AL,0,201,1384,Coffee
Dunkin South Dave OR,128,0,3488,Coffee
Peet's Coffee East Lori MD,0,20,3335,Coffee
Starbucks Jenniferborough AK,0,253,1293,Coffee
Dunkin New Jared KY,0,33,7719,Coffee
Peet's Coffee New Susanport DE,192,0,5065,Coffee
Starbucks Hansenburgh KS,0,475,497,Coffee
Dunkin Angelaburgh VI,141,0,2156,Coffee
Peet's Coffee New Renee LA,484,0,2421,Coffee
Peet's Coffee Josephborough AS,0,432,3587,Coffee
Starbucks Cindyton PR,0,442,3846,Coffee
Dunkin West Dennis MH,0,51,6607,Coffee
Starbucks Huntside FM,359,0,1494,Coffee
Dunkin Edwardsburgh WI,322,0,4782,Coffee
Dunkin Reedberg MT,494,0,7700,Coffee
Starbucks Port Angelaborough IA,0,131,4823,Coffee
Starbucks New Brendaborough MS,7,0,5515,Coffee
Dunkin Emmaberg CT,0,256,4863,Coffee
Starbucks New Andrewport DE,0,304,5904,Coffee
Starbucks Frankton RI,381,0,6725,Coffee
Peet's Coffee West Jacobbury AZ,297,0,4569,Coffee
Starbucks Mercadofort PA,325,0,4605,Coffee
Dunkin Bakerburgh NM,0,141,1377,Coffee
Peet's Coffee Matthewbury AZ,123,0,4378,Coffee
Dunkin Lake Anthony SD,0,347,7951,Coffee
Starbucks Beasleyfurt DC,95,0,6507,Coffee
Dunkin Port Mary SD,0,436,6727,Coffee
Starbucks Davisborough NM,0,128,5925,Coffee
Dunkin South Adamstad OH,438,0,4307,Coffee
Visa E-PAYMENT 8837,217,0,290,Credit Card
Visa E-PAYMENT 7453,314,0,7161,Credit Card
AMEX E-PAYMENT 3246,270,0,4508,Credit Card
AMEX E-PAYMENT 4150,127,0,6811,Credit Card
Visa E-PAYMENT 5499,0,78,7190,Credit Card
Visa E-PAYMENT 5827,0,202,4652,Credit Card
Visa E-PAYMENT 7753,0,303,1737,Credit Card
MasterCard E-PAYMENT 1459,197,0,4441,Credit Card
Visa E-PAYMENT 3332,215,0,4499,Credit Card
MasterCard E-PAYMENT 4748,220,0,5448,Credit Card
Visa E-PAYMENT 9663,0,348,6449,Credit Card
AMEX E-PAYMENT 9157,0,51,6101,Credit Card
Visa E-PAYMENT 1716,0,160,4362,Credit Card
MasterCard E-PAYMENT 7817,140,0,4780,Credit Card
MasterCard E-PAYMENT 5584,0,396,620,Credit Card
Visa E-PAYMENT 6998,0,362,625,Credit Card
MasterCard E-PAYMENT 1165,0,238,5170,Credit Card
AMEX E-PAYMENT 2500,0,249,6840,Credit Card
AMEX E-PAYMENT 8045,0,232,2972,Credit Card
AMEX E-PAYMENT 8548,308,0,6490,Credit Card
AMEX E-PAYMENT 9673,0,232,4983,Credit Card
MasterCard E-PAYMENT 8713,0,215,1220,Credit Card
Visa E-PAYMENT 8290,0,110,2228,Credit Card
MasterCard E-PAYMENT 3256,0,128,5305,Credit Card
MasterCard E-PAYMENT 4687,83,0,4436,Credit Card
MasterCard E-PAYMENT 5172,0,388,1232,Credit Card
AMEX E-PAYMENT 7841,11,0,4982,Credit Card
MasterCard E-PAYMENT 7458,281,0,4145,Credit Card
MasterCard E-PAYMENT 2757,0,487,5132,Credit Card
AMEX E-PAYMENT 1405,0,9,6397,Credit Card
AMEX E-PAYMENT 9732,0,171,2458,Credit Card
AMEX E-PAYMENT 4910,0,89,3014,Credit Card
AMEX E-PAYMENT 4980,0,209,7934,Credit Card
AMEX E-PAYMENT 3305,0,332,7322,Credit Card
AMEX E-PAYMENT 5838,98,0,5352,Credit Card
MasterCard E-PAYMENT 9054,187,0,566,Credit Card
Visa E-PAYMENT 2616,352,0,4683,Credit Card
AMEX E-PAYMENT 9157,0,151,6856,Credit Card
MasterCard E-PAYMENT 9722,218,0,5623,Credit Card
Visa E-PAYMENT 5978,0,425,5179,Credit Card
Visa E-PAYMENT 4400,0,338,7080,Credit Card
Visa E-PAYMENT 1158,38,0,1179,Credit Card
AMEX E-PAYMENT 1902,0,67,4839,Credit Card
AMEX E-PAYMENT 6509,91,0,4068,Credit Card
AMEX E-PAYMENT 7853,446,0,6673,Credit Card
MasterCard E-PAYMENT 7834,498,0,6928,Credit Card
MasterCard E-PAYMENT 6923,468,0,5028,Credit Card
AMEX E-PAYMENT 3296,342,0,5763,Credit Card
AMEX E-PAYMENT 8870,94,0,800,Credit Card
Visa E-PAYMENT 3953,0,494,5994,Credit Card
MasterCard E-PAYMENT 5220,138,0,2719,Credit Card
MasterCard E-PAYMENT 6894,242,0,6150,Credit Card
AMEX E-PAYMENT 9293,0,424,6645,Credit Card
MasterCard E-PAYMENT 7413,0,50,7786,Credit Card
MasterCard E-PAYMENT 4842,0,162,5317,Credit Card
MasterCard E-PAYMENT 4235,0,78,3100,Credit Card
AMEX E-PAYMENT 6941,0,176,900,Credit Card
Visa E-PAYMENT 2976,331,0,2459,Credit Card
MasterCard E-PAYMENT 5597,0,6,934,Credit Card
Visa E-PAYMENT 7697,0,21,1634,Credit Card
MasterCard E-PAYMENT 2576,489,0,5810,Credit Card
MasterCard E-PAYMENT 6045,489,0,7028,Credit Card
AMEX E-PAYMENT 1420,390,0,5912,Credit Card
AMEX E-PAYMENT 1038,85,0,4723,Credit Card
AMEX E-PAYMENT 8209,0,88,431,Credit Card
MasterCard E-PAYMENT 2106,0,485,736,Credit Card
MasterCard E-PAYMENT 1317,0,459,7149,Credit Card
Visa E-PAYMENT 9618,0,375,3922,Credit Card
AMEX E-PAYMENT 3847,62,0,904,Credit Card
Visa E-PAYMENT 7519,0,455,2625,Credit Card
AMEX E-PAYMENT 7650,382,0,6238,Credit Card
Visa E-PAYMENT 6543,392,0,6570,Credit Card
Visa E-PAYMENT 3290,0,47,4928,Credit Card
AMEX E-PAYMENT 5667,0,461,6935,Credit Card
Visa E-PAYMENT 2329,128,0,1724,Credit Card
MasterCard E-PAYMENT 1112,0,359,616,Credit Card
MasterCard E-PAYMENT 4882,0,197,3574,Credit Card
MasterCard E-PAYMENT 8952,0,40,6513,Credit Card
MasterCard E-PAYMENT 3593,0,219,284,Credit Card
AMEX E-PAYMENT 7115,0,313,6332,Credit Card
MasterCard E-PAYMENT 1820,0,346,3733,Credit Card
AMEX E-PAYMENT 2484,0,171,7544,Credit Card
Visa E-PAYMENT 8685,0,357,4705,Credit Card
AMEX E-PAYMENT 9519,438,0,1810,Credit Card
MasterCard E-PAYMENT 3204,0,28,6419,Credit Card
MasterCard E-PAYMENT 4426,424,0,1466,Credit Card
Visa E-PAYMENT 8252,0,78,4041,Credit Card
AMEX E-PAYMENT 9865,0,479,821,Credit Card
Visa E-PAYMENT 5344,0,158,6157,Credit Card
Visa E-PAYMENT 3717,0,186,5730,Credit Card
Visa E-PAYMENT 9372,0,458,3758,Credit Card
AMEX E-PAYMENT 7763,0,162,6384,Credit Card
Visa E-PAYMENT 9617,380,0,3847,Credit Card
AMEX E-PAYMENT 4145,0,13,4255,Credit Card
Visa E-PAYMENT 8009,322,0,2906,Credit Card
AMEX E-PAYMENT 8902,0,280,944,Credit Card
Visa E-PAYMENT 9498,430,0,5267,Credit Card
AMEX E-PAYMENT 1698,465,0,6524,Credit Card
MasterCard E-PAYMENT 2949,0,312,5241,Credit Card
Visa E-PAYMENT 7835,0,257,2526,Credit Card
Exxon FUEL Kimfort WY,465,0,2434,Gas
Chevron FUEL New Timothy IA,193,0,5329,Gas
Exxon FUEL Port Justin CA,0,498,6036,Gas
Shell FUEL Davisside ME,201,0,3302,Gas
Exxon FUEL Marcfort SC,44,0,1099,Gas
Shell FUEL Jamesland MD,188,0,3997,Gas
Shell FUEL South Paul IN,60,0,7186,Gas
BP FUEL Johnview IL,247,0,219,Gas
Chevron FUEL East Nathanside SD,280,0,7420,Gas
Chevron FUEL Thompsonbury WY,0,187,2541,Gas
Shell FUEL Guerrerostad AZ,0,461,896,Gas
Chevron FUEL Lake Diane VT,57,0,457,Gas
BP FUEL Ginastad NE,116,0,5761,Gas
Shell FUEL Shawnberg RI,212,0,7510,Gas
Shell FUEL North Sydney IA,324,0,6650,Gas
Exxon FUEL Jasonbury AR,127,0,6491,Gas
Exxon FUEL New Kellybury OH,349,0,1979,Gas
Shell FUEL South Todd PR,86,0,892,Gas
Chevron FUEL Hendersonfurt MH,0,316,2449,Gas
Shell FUEL West Melanie DE,396,0,2048,Gas
Exxon FUEL Suttonfort OH,232,0,300,Gas
Shell FUEL East Melissa MD,0,173,3578,Gas
Exxon FUEL Lake Dana MT,0,176,6101,Gas
Chevron FUEL Lake Julianbury GA,0,250,1215,Gas
Chevron FUEL South Alicia MH,0,351,1166,Gas
Exxon FUEL Allenfurt NC,0,85,6943,Gas
Chevron FUEL New Bobby GA,0,306,2289,Gas
Chevron FUEL Ashleybury FL,408,0,2768,Gas
Shell FUEL Catherinechester MA,242,0,4689,Gas
BP FUEL Roseborough HI,41,0,723,Gas
Exxon FUEL Marcfurt WV,225,0,7640,Gas
BP FUEL Rogerstown VI,0,410,6611,Gas
Exxon FUEL Port Danielport KY,0,197,6133,Gas
Shell FUEL Hayschester OR,0,5,7960,Gas
Shell FUEL West Shawn OH,0,400,678,Gas
Exxon FUEL Jasminechester AZ,0,340,4022,Gas
BP FUEL Port Jasonview CT,443,0,2411,Gas
Shell FUEL South Michael GA,436,0,7417,Gas
BP FUEL Port Joseph NV,0,11,647,Gas
Shell FUEL Lake Michelle CA,360,0,3729,Gas
Shell FUEL Robertview TN,168,0,2860,Gas
Exxon FUEL Barkerstad OH,498,0,5312,Gas
Chevron FUEL Wintersstad NM,0,146,1283,Gas
Shell FUEL Lake Krista WY,486,0,3212,Gas
Chevron FUEL Paulport MT,274,0,4341,Gas
BP FUEL Port Jessica MD,337,0,2244,Gas
BP FUEL Rachaelberg ID,0,248,6952,Gas
Chevron FUEL Lake Sarashire OH,191,0,7005,Gas
Exxon FUEL West Andremouth AK,0,458,4420,Gas
Chevron FUEL Hernandezside NC,180,0,1750,Gas
Shell FUEL North Amanda SC,0,30,2549,Gas
Chevron FUEL West Leslie VI,0,325,3917,Gas
Shell FUEL South Jeanberg MT,0,96,2009,Gas
Shell FUEL North Brian FL,397,0,1348,Gas
Shell FUEL East Blake MN,30,0,7150,Gas
Chevron FUEL East Kathrynchester NE,0,36,4812,Gas
Chevron FUEL New Crystalstad NM,0,40,536,Gas
Chevron FUEL West Kelsey NJ,0,211,638,Gas
BP FUEL South Gary MT,414,0,3350,Gas
Exxon FUEL Riverafort AS,0,206,3437,Gas
BP FUEL Ayalaland NY,0,16,7725,Gas
Shell FUEL Robertfort DC,113,0,2518,Gas
Shell FUEL South Darlenefort MS,0,267,3039,Gas
Shell FUEL Stanleychester AL,13,0,6761,Gas
Exxon FUEL East Alexfort PW,237,0,5304,Gas
BP FUEL Hutchinsonton MO,237,0,7249,Gas
BP FUEL Richardbury WI,0,303,4146,Gas
Shell FUEL South Mark TN,0,27,7160,Gas
Shell FUEL Port Cindy PR,0,298,4618,Gas
Chevron FUEL Reedmouth OR,212,0,2987,Gas
Chevron FUEL West Grant MA,255,0,3977,Gas
Shell FUEL East Whitney VA,0,85,5449,Gas
Shell FUEL Kimberlychester VT,0,387,5430,Gas
Shell FUEL Allisonhaven TX,0,449,5057,Gas
Exxon FUEL North Ryan GU,69,0,6686,Gas
BP FUEL Kennethchester VT,0,387,3922,Gas
Chevron FUEL Port Ronald NY,0,211,5678,Gas
Chevron FUEL West Walterfurt MP,0,103,2047,Gas
Chevron FUEL East Maria ID,327,0,7633,Gas
BP FUEL Charleschester NE,136,0,4059,Gas
Chevron FUEL North Justin NY,0,185,7313,Gas
Exxon FUEL East Christine SD,79,0,5242,Gas
BP FUEL Josephport OH,253,0,3511,Gas
Chevron FUEL Lake Lori MN,0,260,430,Gas
Chevron FUEL East Michael WI,94,0,1636,Gas
BP FUEL West Teresa CT,491,0,1994,Gas
Exxon FUEL Timothyview CT,0,113,1295,Gas
Chevron FUEL Kevinville ND,32,0,3666,Gas
Chevron FUEL Michaelport ME,0,12,5935,Gas
Exxon FUEL Thomaston CT,110,0,331,Gas
Chevron FUEL South Waynebury NY,0,320,7056,Gas
BP FUEL Stewartchester VT,41,0,6780,Gas
Shell FUEL Port Gregory FM,445,0,6656,Gas
Chevron FUEL South Tyler MI,0,23,5816,Gas
Chevron FUEL Lake Amandahaven OR,236,0,1964,Gas
Chevron FUEL West Cherylfort ID,0,287,5955,Gas
Exxon FUEL Griffinshire TX,0,72,5405,Gas
Exxon FUEL Michaelchester ID,86,0,1494,Gas
Shell FUEL Lake Tracey DE,0,478,3742,Gas
Exxon FUEL Barbaraside KS,405,0,3660,Gas
Walmart Supercenter Bridgetchester OR,355,0,1775,Groceries
Walmart Supercenter East Joseph NY,193,0,1692,Groceries
Walmart Supercenter Tammyville NH,99,0,1943,Groceries
Safeway Debratown MI,342,0,2752,Groceries
Whole Foods Greenview VI,495,0,836,Groceries
Walmart Supercenter South Christopher GA,0,237,1442,Groceries
Kroger North Amandatown IL,0,374,4950,Groceries
Walmart Supercenter North Marie KY,0,394,4876,Groceries
Whole Foods North Rebecca WI,0,332,5352,Groceries
Whole Foods Bakertown KY,0,327,7158,Groceries
Walmart Supercenter Rogersfurt MO,495,0,5592,Groceries
Safeway Andersonland HI,96,0,3642,Groceries
Kroger Smithtown DE,0,315,7300,Groceries
Whole Foods South Mariamouth NV,0,365,1843,Groceries
Walmart Supercenter Port Robertberg IL,208,0,1089,Groceries
Safeway Chapmanfort AK,0,454,3564,Groceries
Kroger North Shelia OK,0,413,3722,Groceries
Kroger Kimberlyview IN,317,0,4138,Groceries
Walmart Supercenter Pottermouth ND,0,301,5575,Groceries
Walmart Supercenter Pateltown NH,0,367,2756,Groceries
Kroger East Kendrastad OK,421,0,2395,Groceries
Whole Foods Victoriatown IL,264,0,7021,Groceries
Kroger Adriantown ME,0,276,6187,Groceries
Kroger Harveyton AZ,243,0,6799,Groceries
Safeway New Aaron MN,186,0,1092,Groceries
Whole Foods Brownmouth GA,30,0,6086,Groceries
Whole Foods South Kayla OR,0,400,993,Groceries
Safeway New Thomasfurt GU,0,224,6741,Groceries
Safeway Johnstad NC,247,0,4971,Groceries
Kroger Andersonfurt MI,0,452,501,Groceries
Whole Foods Christianburgh NC,0,155,7268,Groceries
Whole Foods Normaside NV,0,138,1531,Groceries
Kroger Hernandezland NY,243,0,2739,Groceries
Walmart Supercenter Thomasbury CO,0,118,7073,Groceries
Walmart Supercenter Parkerburgh NJ,0,204,4325,Groceries
Whole Foods New Nicholas AR,214,0,5956,Groceries
Whole Foods Sarahton UT,0,454,664,Groceries
Kroger New Juan WY,0,440,5649,Groceries
Whole Foods South Jaredview DE,0,208,2735,Groceries
Safeway Ramirezfurt SC,0,83,4286,Groceries
Walmart Supercenter Dorothybury CT,383,0,5952,Groceries
Safeway Davisberg MS,0,278,4479,Groceries
Walmart Supercenter South Michelle AS,96,0,1740,Groceries
Walmart Supercenter Porterfurt PW,0,64,4941,Groceries
Safeway New Nathanberg AL,0,186,5184,Groceries
Safeway Arthurmouth NC,0,352,3347,Groceries
Walmart Supercenter New Jacob ND,0,44,6082,Groceries
Whole Foods Bennettbury PR,0,469,2735,Groceries
Whole Foods North Timothy VT,219,0,7600,Groceries
Whole Foods Port Patriciaburgh HI,39,0,409,Groceries
Whole Foods New Dominiquemouth NH,183,0,5359,Groceries
Walmart Supercenter Mariahaven VI,0,9,795,Groceries
Walmart Supercenter Hancockberg DC,0,411,4176,Groceries
Walmart Supercenter West Tracychester PR,135,0,2343,Groceries
Safeway North Anthonyport TN,466,0,1087,Groceries
Whole Foods North Paula NY,0,451,5519,Groceries
Whole Foods West Jeanne KS,72,0,6287,Groceries
Whole Foods Allisonstad GU,0,33,6001,Groceries
Walmart Supercenter Weeksville GU,473,0,5436,Groceries
Safeway Torresport HI,0,202,4323,Groceries
Whole Foods Lake Jacquelineton DC,402,0,5675,Groceries
Walmart Supercenter West Michaelside AZ,225,0,3561,Groceries
Kroger North Samanthamouth NV,156,0,1392,Groceries
Whole Foods Nortonbury OH,0,239,2331,Groceries
Safeway North Paulstad MS,0,442,5151,Groceries
Walmart Supercenter South Christopher AZ,222,0,606,Groceries
Safeway Thomasmouth CA,107,0,2472,Groceries
Whole Foods Christopherside WV,0,307,4243,Groceries
Walmart Supercenter East Rachel KS,0,459,7084,Groceries
Walmart Supercenter Melindastad KS,308,0,4543,Groceries
Walmart Supercenter Kaylamouth VA,0,214,2286,Groceries
Whole Foods Susanberg KS,207,0,4000,Groceries
Walmart Supercenter North Frederick AL,0,67,2726,Groceries
Kroger Laceystad MD,0,266,1175,Groceries
Kroger Cooperberg UT,384,0,6746,Groceries
Walmart Supercenter Port Michaeltown WA,113,0,3976,Groceries
Kroger Tylerchester NJ,247,0,6978,Groceries
Safeway New Micheleton LA,0,75,3632,Groceries
Safeway Marcusberg NC,0,142,7925,Groceries
Safeway North Theresamouth NV,133,0,3452,Groceries
Safeway West Catherineburgh OK,298,0,4589,Groceries
Safeway Port Kimberlyport MO,0,429,310,Groceries
Walmart Supercenter North Danielview DE,430,0,3781,Groceries
Safeway Guerrerochester VI,0,218,4214,Groceries
Kroger Johnsonburgh KY,121,0,5349,Groceries
Safeway Johnsonmouth WI,130,0,1612,Groceries
Whole Foods East Samanthafurt PW,0,463,7794,Groceries
Walmart Supercenter Schultzport VI,448,0,5454,Groceries
Whole Foods New Jamesview MS,0,473,1139,Groceries
Kroger Murrayberg UT,70,0,1851,Groceries
Kroger North Robertside WY,87,0,7153,Groceries
Walmart Supercenter South Cheryl IN,471,0,3169,Groceries
Walmart Supercenter Robinsonport NC,0,69,1612,Groceries
Walmart Supercenter East Amandashire ME,0,66,2313,Groceries
Safeway Port Timothy CO,278,0,2249,Groceries
Kroger Ellisbury VI,141,0,958,Groceries
Walmart Supercenter Jonesfurt HI,449,0,2916,Groceries
Whole Foods West Henry PA,0,16,7752,Groceries
Kroger Port Anthonystad WI,0,92,3874,Groceries
Walmart Supercenter East Amber KY,0,14,7048,Groceries
Best Buy #9171 THOMASBURY AL 317,464,0,2469,Misc
LOWE'S #1625 LAKE KIMBERLYFORT GU 138,0,323,2023,Misc
Target #6346 EAST SEAN AR 439,0,248,234,Misc
LOWE'S #2591 HENDERSONBURY MP 832,0,420,6555,Misc
Home Depot #9520 PORT MARIABOROUGH ME 695,309,0,5694,Misc
Best Buy #7881 WEST ALYSSASIDE LA 810,348,0,5178,Misc
Best Buy #7302 SOUTH VICTORIAHAVEN NM 414,0,310,1485,Misc
LOWE'S #5983 LAKE KRISTINATOWN AK 799,498,0,4685,Misc
Target #3236 PORT MATTHEW TX 469,306,0,4921,Misc
Home Depot #4753 AARONMOUTH NC 234,0,392,7904,Misc
LOWE'S #5906 HODGESMOUTH PR 710,0,307,1084,Misc
Home Depot #7516 PORT LACEYMOUTH TX 169,0,239,3347,Misc
Home Depot #6185 BAKERBERG NE 444,0,203,7275,Misc
Target #2223 ADAMSBERG DC 151,207,0,2930,Misc
Home Depot #9072 NORTH JUSTIN GU 223,324,0,1275,Misc
Home Depot #6945 BLANKENSHIPCHESTER TN 552,81,0,4244,Misc
LOWE'S #5554 EAST JONATHANPORT ND 560,424,0,4030,Misc
Target #4695 SOUTH CHRISTOPHERCHESTER IL 376,0,494,4263,Misc
LOWE'S #2969 NEW GEORGEBOROUGH PW 516,0,468,3230,Misc
Home Depot #7045 WILLIAMTON PA 544,452,0,517,Misc
Best Buy #7631 EAST JASON RI 906,0,120,351,Misc
Best Buy #3689 SOUTH CHRISTOPHER WA 442,0,356,3430,Misc
Home Depot #1860 NORTH CORYBURGH NJ 683,0,91,2782,Misc
LOWE'S #1937 MICHELLEBOROUGH OR 833,0,92,1188,Misc
Best Buy #2611 NEW PAULASIDE WA 204,160,0,6042,Misc
Best Buy #5988 SOUTH DONNA SD 703,0,365,5969,Misc
Best Buy #7482 EAST ALISONPORT AR 235,0,339,6445,Misc
LOWE'S #6970 EAST NATHANSHIRE NM 443,0,238,3028,Misc
LOWE'S #5889 CHAPMANVIEW WV 763,320,0,3545,Misc
Best Buy #4425 SMITHSIDE KS 534,179,0,2981,Misc
Best Buy #9331 WEST SAMANTHAFORT KS 921,308,0,3408,Misc
Target #1587 SPENCERBURGH UT 712,0,327,982,Misc
Target #2271 CHAVEZMOUTH AZ 478,278,0,4299,Misc
LOWE'S #7689 PORT JO KS 848,155,0,2558,Misc
Target #6173 LAKE AMBER VT 581,0,168,575,Misc
Best Buy #6515 TAMMYPORT OH 276,0,125,3550,Misc
Home Depot #4527 NORTH ALEXISMOUTH CO 181,0,240,1606,Misc
Best Buy #2886 ANDERSONHAVEN MH 785,266,0,3524,Misc
Target #7896 PORT MICHELE AZ 567,0,22,2076,Misc
Best Buy #4712 HAYNESSTAD TX 402,93,0,5813,Misc
Home Depot #7830 RAMOSSIDE NC 994,0,212,3433,Misc
Home Depot #7847 KEVINBERG MP 362,69,0,2371,Misc
Best Buy #5674 BAILEYBERG ID 669,0,321,3720,Misc
Target #6023 KIMBERLYHAVEN AS 644,0,418,4412,Misc
Best Buy #9004 SOUTH CHRISTOPHERPORT TN 560,0,448,461,Misc
Target #9073 NEW JOSHUA NH 735,270,0,3601,Misc
Best Buy #1427 SOUTH TIFFANY MT 627,198,0,7306,Misc
Home Depot #9227 BRIANSHIRE AK 129,0,287,4070,Misc
Home Depot #3331 LAKE MATTHEWTON DC 555,106,0,7228,Misc
LOWE'S #3072 ALLENFURT MS 776,380,0,1885,Misc
Best Buy #1052 WEST LORIVILLE MS 424,143,0,4674,Misc
Home Depot #4164 SAMUELBERG OR 461,0,158,1265,Misc
Home Depot #1038 EAST DANIEL ID 221,80,0,1403,Misc
Home Depot #6718 LAKE TRAVIS NJ 939,0,465,2213,Misc
Home Depot #4520 FELICIALAND SD 627,0,173,3963,Misc
Home Depot #5810 MILLERTON UT 283,0,171,3547,Misc
Best Buy #8900 NEW MICHELE OK 599,0,166,2796,Misc
Home Depot #5146 WATKINSSIDE NJ 790,0,405,5594,Misc
Target #6675 SOUTH PATRICK RI 744,379,0,7772,Misc
Home Depot #2217 NEW CHRISTOPHERMOUTH NH 485,0,346,2004,Misc
Best Buy #4656 PORT ANITA LA 262,0,125,5130,Misc
Best Buy #8289 NEW JOSEPHVILLE SC 545,0,35,3010,Misc
Best Buy #1634 LAKE STACEY MH 496,0,341,4365,Misc
Target #8423 HEATHERVILLE ME 708,0,471,6045,Misc
Target #5601 NORTH TIFFANY VT 923,0,386,2409,Misc
Target #8645 ROBERTLAND WA 334,0,22,4513,Misc
Target #4710 CHRISTOPHERCHESTER CA 119,0,155,2755,Misc
Best Buy #4472 LAKE WILLIAM VI 109,228,0,4961,Misc
Home Depot #4716 WEST RONNIE MI 286,0,430,382,Misc
Best Buy #4572 EAST AMY WV 883,0,203,485,Misc
Home Depot #4252 CLARKMOUTH KS 399,0,335,1698,Misc
LOWE'S #7889 RODRIGUEZSIDE MI 719,139,0,1926,Misc
Target #5880 LAKE JESSICA KY 464,46,0,5562,Misc
LOWE'S #1474 THOMASMOUTH NJ 566,0,127,4223,Misc
Target #1719 LAKE BRENDA OH 442,181,0,6009,Misc
Target #2607 NEW EMILYVILLE AK 614,184,0,5383,Misc
Target #3308 PORT BRANDON SC 221,32,0,1115,Misc
Target #9817 BATESTOWN NC 461,123,0,5715,Misc
Home Depot #9210 HAROLDMOUTH NC 453,440,0,4127,Misc
Home Depot #1647 EAST NATHANIELCHESTER VA 183,149,0,5389,Misc
LOWE'S #9154 APRILSTAD TX 986,264,0,3310,Misc
Home Depot #9407 SHERRISIDE TN 113,0,386,1159,Misc
Home Depot #7925 SILVABOROUGH OR 307,62,0,6173,Misc
Target #4966 LAKE ERNEST NE 799,104,0,1410,Misc
Target #7065 EAST RACHEL UT 619,274,0,7473,Misc
Best Buy #1574 NORTH PHILIP GA 774,0,479,5998,Misc
Target #1302 CARRIETOWN NM 830,484,0,5226,Misc
LOWE'S #2127 LISASTAD AK 906,111,0,4637,Misc
Best Buy #3678 MOOREPORT OH 820,0,76,5452,Misc
LOWE'S #4339 LAKE RICHARD MA 319,0,105,6494,Misc
LOWE'S #7327 KIRBYBURGH CT 343,207,0,798,Misc
Home Depot #7767 REYESTOWN GU 157,393,0,7745,Misc
Best Buy #5653 NEW RUBEN IL 857,0,299,1791,Misc
Best Buy #1213 SOUTH RENEEVILLE PW 419,456,0,5752,Misc
Home Depot #6994 MICHELLEBOROUGH WV 978,329,0,5563,Misc
Target #9438 JOSEPHBURY WA 992,0,458,7120,Misc
Best Buy #8696 NORTH ANTHONYMOUTH WI 420,62,0,5121,Misc
LOWE'S #5452 SOUTH JESSICALAND MH 672,357,0,4698,Misc
LOWE'S #7530 NORTH LISA WI 286,471,0,3655,Misc
LOWE'S #2791 NORTH MELANIEMOUTH MP 574,268,0,3845,Misc
Spotify SUB 4371,0,320,1678,Subscription
Disney+ SUB 1909,0,338,6365,Subscription
Hulu SUB 1066,0,59,222,Subscription
Hulu SUB 5513,123,0,5688,Subscription
Amazon Prime SUB 5203,238,0,6143,Subscription
Amazon Prime SUB 3822,390,0,7336,Subscription
Hulu SUB 8746,0,306,5496,Subscription
Spotify SUB 6400,0,443,7344,Subscription
Disney+ SUB 6158,0,36,2296,Subscription
Spotify SUB 9909,266,0,5312,Subscription
Spotify SUB 1147,0,406,4853,Subscription
Disney+ SUB 4630,348,0,4983,Subscription
Amazon Prime SUB 7602,439,0,2947,Subscription
Hulu SUB 9672,0,53,6160,Subscription
Netflix SUB 9807,269,0,360,Subscription
Netflix SUB 1639,0,393,7455,Subscription
Netflix SUB 6143,0,100,7590,Subscription
Spotify SUB 2940,340,0,2406,Subscription
Disney+ SUB 1264,458,0,2844,Subscription
Amazon Prime SUB 5601,96,0,2494,Subscription
Netflix SUB 6555,390,0,6313,Subscription
Spotify SUB 2767,376,0,3300,Subscription
Amazon Prime SUB 8206,0,369,3967,Subscription
Netflix SUB 3177,0,422,4097,Subscription
Amazon Prime SUB 8420,0,435,3635,Subscription
Hulu SUB 6409,322,0,7051,Subscription
Hulu SUB 3364,0,333,2184,Subscription
Amazon Prime SUB 5726,0,64,5204,Subscription
Disney+ SUB 3539,61,0,5786,Subscription
Disney+ SUB 6261,0,148,3781,Subscription
Spotify SUB 7675,115,0,4725,Subscription
Amazon Prime SUB 9220,386,0,6117,Subscription
Disney+ SUB 7595,0,281,5225,Subscription
Hulu SUB 1957,0,383,2728,Subscription
Disney+ SUB 7098,187,0,5975,Subscription
Hulu SUB 2199,42,0,7196,Subscription
Amazon Prime SUB 8124,487,0,6748,Subscription
Hulu SUB 1671,183,0,568,Subscription
Hulu SUB 5671,422,0,2100,Subscription
Spotify SUB 7014,204,0,557,Subscription
Disney+ SUB 3477,144,0,7300,Subscription
Spotify SUB 8677,24,0,7319,Subscription
Amazon Prime SUB 6409,0,348,458,Subscription
Netflix SUB 4379,12,0,2487,Subscription
Amazon Prime SUB 8614,181,0,2040,Subscription
Hulu SUB 6757,294,0,3217,Subscription
Netflix SUB 5191,0,497,2957,Subscription
Spotify SUB 3021,209,0,3383,Subscription
Disney+ SUB 9725,210,0,6599,Subscription
Amazon Prime SUB 7537,451,0,1229,Subscription
Amazon Prime SUB 3532,0,151,5239,Subscription
Spotify SUB 7504,194,0,6281,Subscription
Netflix SUB 2995,273,0,4173,Subscription
Hulu SUB 8549,89,0,7113,Subscription
Disney+ SUB 7336,79,0,989,Subscription
Netflix SUB 1824,170,0,1887,Subscription
Spotify SUB 2560,0,69,5614,Subscription
Netflix SUB 1377,491,0,2077,Subscription
Disney+ SUB 8289,0,460,5543,Subscription
Netflix SUB 6556,181,0,761,Subscription
Netflix SUB 2459,493,0,458,Subscription
Hulu SUB 8194,0,297,5980,Subscription
Amazon Prime SUB 4940,0,271,1424,Subscription
Hulu SUB 5907,261,0,3593,Subscription
Amazon Prime SUB 8695,0,27,5430,Subscription
Disney+ SUB 3026,319,0,2805,Subscription
Amazon Prime SUB 4474,0,331,1697,Subscription
Netflix SUB 3139,88,0,7220,Subscription
Disney+ SUB 7662,0,365,3481,Subscription
Spotify SUB 9225,0,170,6152,Subscription
Spotify SUB 9797,101,0,6306,Subscription
Netflix SUB 2270,371,0,4995,Subscription
Netflix SUB 1061,0,348,4706,Subscription
Disney+ SUB 3567,68,0,7396,Subscription
Hulu SUB 3527,103,0,5895,Subscription
Netflix SUB 7435,0,387,2536,Subscription
Netflix SUB 4844,0,431,1518,Subscription
Netflix SUB 9830,0,390,3884,Subscription
Amazon Prime SUB 8535,0,250,1833,Subscription
Hulu SUB 4149,31,0,6854,Subscription
Disney+ SUB 8973,217,0,5352,Subscription
Amazon Prime SUB 8933,291,0,2697,Subscription
Hulu SUB 4137,0,161,5342,Subscription
Netflix SUB 6966,0,248,1358,Subscription
Disney+ SUB 4726,0,116,952,Subscription
Netflix SUB 8276,335,0,7379,Subscription
Hulu SUB 1098,461,0,5073,Subscription
Netflix SUB 7306,0,84,4814,Subscription
Disney+ SUB 5031,0,8,3059,Subscription
Netflix SUB 4750,0,109,3892,Subscription
Amazon Prime SUB 4148,0,362,6403,Subscription
Disney+ SUB 2884,0,257,2269,Subscription
Netflix SUB 3499,0,202,6065,Subscription
Hulu SUB 4999,69,0,7786,Subscription
Amazon Prime SUB 7005,152,0,5259,Subscription
Hulu SUB 4339,0,252,7595,Subscription
Amazon Prime SUB 7218,52,0,6704,Subscription
Netflix SUB 9751,0,111,1701,Subscription
Hulu SUB 9279,0,147,1899,Subscription
Netflix SUB 8565,0,83,514,Subscription
T-MOBILE 7733 (1977-03-26) 403.951.3982x1987 MH 88047274,0,456,1012,Mobile Phone
HELLO MOBILE 2242 (2001-05-16) 922-444-4160x117 ME 35259948,0,307,3322,Mobile Phone
T-MOBILE 6620 (1998-03-05) 586-961-2051x663 WY 67183381,0,21,4918,Mobile Phone
HELLO MOBILE 6910 (2016-12-19) 919-813-3998 DC 50295545,182,0,6722,Mobile Phone
T-MOBILE 1670 (2025-02-15) (882)482-5187x4183 WV 23658360,398,0,448,Mobile Phone
T-MOBILE 7700 (1995-12-06) 556.684.8767 MN 16741120,0,75,2637,Mobile Phone
VERIZON WIRELESS 1308 (1993-09-23) 565-751-9144x7031 GA 38740415,0,324,7354,Mobile Phone
T-MOBILE 8513 (2003-05-07) (342)730-9573 DE 81690768,470,0,2040,Mobile Phone
HELLO MOBILE 4510 (2010-08-29) 503-289-3575 PW 46328061,18,0,5082,Mobile Phone
HELLO MOBILE 1396 (2015-06-23) +1-419-448-9583x68942 VT 62066117,210,0,1279,Mobile Phone
T-MOBILE 5396 (2003-02-24) 792.852.2641 MT 67203248,128,0,870,Mobile Phone
VERIZON WIRELESS 2118 (2017-03-14) (403)916-4196x3433 OK 46055440,0,351,1771,Mobile Phone
HELLO MOBILE 7085 (1981-07-14) 304-753-0380 GA 33185124,205,0,6266,Mobile Phone
HELLO MOBILE 7642 (1995-08-12) 416.281.9368x910 NM 71752703,0,312,6490,Mobile Phone
VERIZON WIRELESS 6122 (2024-07-17) 874.248.6663 IN 90448829,57,0,7683,Mobile Phone
VERIZON WIRELESS 1320 (2010-01-01) (896)422-6963x8446 MP 13474591,280,0,5562,Mobile Phone
VERIZON WIRELESS 2579 (2023-08-30) 001-692-502-7161 MH 12179178,0,168,5803,Mobile Phone
HELLO MOBILE 7127 (1972-02-10) 771-444-7283x847 NY 19828029,0,265,4441,Mobile Phone
VERIZON WIRELESS 1029 (2021-09-01) (592)892-3102 VI 44204174,55,0,2638,Mobile Phone
HELLO MOBILE 2843 (1986-09-16) 001-761-545-2788x9222 KS 56006096,284,0,3846,Mobile Phone
HELLO MOBILE 2992 (1991-03-04) (965)226-5842x666 WV 13249479,242,0,2676,Mobile Phone
HELLO MOBILE 2965 (1970-04-29) 4823412517 MP 59223736,291,0,7402,Mobile Phone
VERIZON WIRELESS 9104 (1999-09-04) (268)271-8249 AL 82187882,0,450,3598,Mobile Phone
T-MOBILE 1990 (1996-05-31) +1-881-560-4279 MA 46151047,246,0,5183,Mobile Phone
T-MOBILE 8074 (1970-01-21) 001-468-716-9132x78801 PW 53845786,0,418,6593,Mobile Phone
HELLO MOBILE 1414 (1977-05-24) 001-433-443-1164 VI 31009873,0,428,3298,Mobile Phone
T-MOBILE 7988 (2019-10-28) 689.387.8017x6390 VT 31323831,0,262,5910,Mobile Phone
HELLO MOBILE 5576 (1991-09-15) 953.494.9663x961 MP 64327971,0,33,2953,Mobile Phone
HELLO MOBILE 8786 (2019-03-20) 632.494.1935 AZ 58316825,0,267,5656,Mobile Phone
HELLO MOBILE 6441 (2023-10-26) +1-400-855-3055x421 WA 62143722,0,139,1458,Mobile Phone
HELLO MOBILE 7662 (2005-03-25) 292-978-1549x72877 NC 40485874,261,0,8000,Mobile Phone
VERIZON WIRELESS 9210 (2023-09-13) 662.614.6592x77907 IL 23925352,0,40,1566,Mobile Phone
HELLO MOBILE 9529 (2002-03-25) 983-263-3459 OH 25832268,240,0,4052,Mobile Phone
HELLO MOBILE 4226 (1993-04-06) 371.213.8880 AR 30280066,32,0,2006,Mobile Phone
T-MOBILE 3433 (1993-06-14) 240.451.6455 MP 76077440,13,0,3711,Mobile Phone
VERIZON WIRELESS 7138 (1977-12-26) +1-542-279-9993x701 MP 43755873,0,81,3152,Mobile Phone
T-MOBILE 4951 (2002-09-23) 001-296-308-8714x899 MT 90850719,0,412,1869,Mobile Phone
HELLO MOBILE 5508 (2024-06-19) +1-974-767-2343 PR 63198174,297,0,7219,Mobile Phone
T-MOBILE 6987 (1980-03-04) (728)878-2640x34717 IL 48082123,0,72,1555,Mobile Phone
VERIZON WIRELESS 3071 (1997-04-30) (325)453-3051x3036 HI 51721150,0,236,5729,Mobile Phone
T-MOBILE 6207 (2021-06-09) 270-494-9075x0564 WY 29448720,0,345,5061,Mobile Phone
T-MOBILE 9530 (2018-03-25) 466.707.5692x5575 TN 26719709,0,18,1175,Mobile Phone
T-MOBILE 6984 (1989-11-08) 367-619-5893x26467 NH 21516326,0,326,5131,Mobile Phone
HELLO MOBILE 4593 (1993-10-25) 246.871.3699 AR 89107957,0,141,2594,Mobile Phone
VERIZON WIRELESS 8474 (2021-11-20) 001-562-973-4217x9773 FM 82840349,466,0,6253,Mobile Phone
HELLO MOBILE 3782 (1999-02-13) 001-408-542-3622 AZ 94003821,62,0,7535,Mobile Phone
T-MOBILE 6375 (1972-06-11) 364.408.4360x345 CA 95295636,185,0,6590,Mobile Phone
T-MOBILE 8293 (2017-01-26) 001-661-695-6254x998 MN 54542890,0,30,4638,Mobile Phone
VERIZON WIRELESS 9066 (2006-01-09) 001-461-559-7673x7970 GA 69765628,0,420,4072,Mobile Phone
VERIZON WIRELESS 5412 (1983-12-25) 380.783.9780 TN 90733461,289,0,1373,Mobile Phone
VERIZON WIRELESS 4797 (1992-10-13) +1-596-378-1804 NM 68882057,0,288,1434,Mobile Phone
HELLO MOBILE 9581 (1991-09-16) 886.540.7903 MP 69026392,0,370,4402,Mobile Phone
VERIZON WIRELESS 7832 (1995-10-22) 001-221-441-9171 PW 28199099,36,0,6251,Mobile Phone
VERIZON WIRELESS 5120 (1979-12-21) 950-792-6316x14714 SD 34802801,111,0,4743,Mobile Phone
VERIZON WIRELESS 2871 (2005-05-26) 7249688605 RI 37531495,481,0,7686,Mobile Phone
T-MOBILE 2603 (1995-01-29) 001-556-340-3627x08077 ID 78690696,0,362,6729,Mobile Phone
T-MOBILE 5405 (2014-02-08) 519.255.6318x772 GU 31443352,481,0,4629,Mobile Phone
VERIZON WIRELESS 5249 (2006-06-16) 743.655.8722x641 NC 99406020,375,0,7663,Mobile Phone
VERIZON WIRELESS 8896 (2009-12-10) 688.466.0897x59353 FM 91265694,0,443,6301,Mobile Phone
HELLO MOBILE 6763 (1972-01-23) (885)786-4183 ND 13094362,177,0,6154,Mobile Phone
HELLO MOBILE 4810 (2006-01-20) 224.528.9547x320 TX 74593402,0,411,7511,Mobile Phone
VERIZON WIRELESS 8312 (1997-10-31) (562)462-4301 GA 19493057,173,0,2354,Mobile Phone
T-MOBILE 4461 (1989-06-11) 001-931-411-6629x92563 NV 94513628,0,351,1414,Mobile Phone
T-MOBILE 6082 (1977-02-08) 4288937602 UT 58690363,396,0,5631,Mobile Phone
VERIZON WIRELESS 3890 (1982-01-08) 001-473-777-1531 MI 67470624,0,350,6274,Mobile Phone
T-MOBILE 5090 (1970-12-25) 7728952708 AZ 72233092,0,115,2159,Mobile Phone
T-MOBILE 8412 (2012-10-25) +1-671-353-5936x26782 AS 82607389,298,0,4955,Mobile Phone
HELLO MOBILE 7200 (1983-07-31) 001-712-524-6119x950 PW 43749303,0,470,3798,Mobile Phone
T-MOBILE 7383 (2006-10-08) 001-693-558-8226x8659 MD 44572802,276,0,6605,Mobile Phone
HELLO MOBILE 8997 (2023-12-14) 263.414.2212x679 CA 63629015,136,0,330,Mobile Phone
T-MOBILE 8884 (2020-01-04) 281-567-8641 WV 27405989,479,0,4587,Mobile Phone
VERIZON WIRELESS 2057 (2024-01-25) 2753598575 WA 70355310,245,0,6683,Mobile Phone
HELLO MOBILE 8826 (1982-04-23) 607-276-6806 PR 75705344,0,299,3463,Mobile Phone
HELLO MOBILE 2120 (2020-07-31) 001-495-338-3898 AR 44143103,197,0,6812,Mobile Phone
T-MOBILE 1538 (2003-11-12) 461.612.7125x079 NH 70211973,0,248,1423,Mobile Phone
HELLO MOBILE 1583 (2000-11-13) 255.703.7615 MP 47965427,0,380,7557,Mobile Phone
HELLO MOBILE 3673 (2024-07-02) (557)845-7451x2718 MS 21248699,483,0,4019,Mobile Phone
HELLO MOBILE 2617 (2024-11-08) (257)887-4518x8530 OH 97574712,372,0,3721,Mobile Phone
HELLO MOBILE 3130 (1987-10-20) (823)953-5783 ID 27687185,0,483,3633,Mobile Phone
HELLO MOBILE 7643 (2003-06-26) (201)753-2352 GU 74237058,441,0,849,Mobile Phone
T-MOBILE 1025 (2011-01-16) 001-906-221-2872x06343 PR 62956824,320,0,6108,Mobile Phone
T-MOBILE 8025 (1984-02-29) 432.500.9737x42965 IL 31324007,0,221,3220,Mobile Phone
T-MOBILE 4060 (2005-12-13) (503)382-2011x921 MH 27444591,424,0,5731,Mobile Phone
T-MOBILE 7662 (2011-10-20) 814-667-6913x3767 VT 52270896,0,209,6076,Mobile Phone
VERIZON WIRELESS 8996 (2023-11-15) (595)481-4837x948 IN 73947840,159,0,2793,Mobile Phone
VERIZON WIRELESS 6434 (1973-09-18) 749.372.1472 HI 54748338,0,79,6740,Mobile Phone
VERIZON WIRELESS 3980 (2006-10-27) 001-633-370-3067x25559 NM 74105639,0,22,7450,Mobile Phone
HELLO MOBILE 3040 (2008-09-28) 745.518.3087x4765 OK 30142090,0,241,3993,Mobile Phone
T-MOBILE 9449 (2009-05-17) (326)963-6688 LA 89462709,125,0,4628,Mobile Phone
HELLO MOBILE 7171 (1978-11-11) (768)349-9706 MH 12795636,250,0,1510,Mobile Phone
T-MOBILE 8910 (1980-01-12) 507.893.0580 AL 75820488,165,0,5591,Mobile Phone
HELLO MOBILE 9197 (1996-11-08) 001-379-945-8127x16361 NH 98919312,354,0,4178,Mobile Phone
T-MOBILE 6587 (1982-04-03) (357)768-3641x9903 NE 67858466,0,8,815,Mobile Phone
HELLO MOBILE 1494 (1973-09-27) +1-773-411-4971 VA 87415957,0,84,4807,Mobile Phone
T-MOBILE 9369 (1999-06-03) 790.317.2333 NV 36100944,0,81,4492,Mobile Phone
VERIZON WIRELESS 4972 (1987-03-10) 485.808.9908x0836 WY 53676636,290,0,7827,Mobile Phone
HELLO MOBILE 6968 (1988-02-23) 001-582-951-7161 OH 39225986,436,0,6806,Mobile Phone
HELLO MOBILE 6961 (1981-07-07) (779)477-1157 TX 34048687,227,0,3231,Mobile Phone
T-MOBILE 8743 (2020-07-20) +1-506-966-9049x25579 OR 64616001,0,216,6582,Mobile Phone
HELLO MOBILE 5626 (1981-11-06) (906)996-2533x1196 NE 47071095,327,0,6491,Mobile Phone
Essex Property Trust RENT PAYMENT New Tyler TX,193,0,5854,Rent - Mortgage
Equity Residential RENT PAYMENT Kennethtown RI,0,362,418,Rent - Mortgage
AvalonBay RENT PAYMENT Lake Jason VT,0,108,5141,Rent - Mortgage
Essex Property Trust RENT PAYMENT Amychester OH,0,78,7350,Rent - Mortgage
Essex Property Trust RENT PAYMENT New Carolinechester WY,0,213,7364,Rent - Mortgage
AvalonBay RENT PAYMENT Collinston AZ,141,0,1776,Rent - Mortgage
Essex Property Trust RENT PAYMENT Harrisland ME,0,369,4568,Rent - Mortgage
Equity Residential RENT PAYMENT East Lisa NE,227,0,6930,Rent - Mortgage
AvalonBay RENT PAYMENT Williamville TN,198,0,1322,Rent - Mortgage
Equity Residential RENT PAYMENT Whiteland DC,0,206,4716,Rent - Mortgage
AvalonBay RENT PAYMENT Port Emily ME,0,423,6799,Rent - Mortgage
Essex Property Trust RENT PAYMENT Littleshire VI,0,348,2386,Rent - Mortgage
Equity Residential RENT PAYMENT South Jennifer WA,44,0,3167,Rent - Mortgage
AvalonBay RENT PAYMENT New Eduardoville NY,206,0,2181,Rent - Mortgage
Equity Residential RENT PAYMENT Heatherstad RI,0,183,6188,Rent - Mortgage
AvalonBay RENT PAYMENT South Robertton DC,0,149,2719,Rent - Mortgage
Equity Residential RENT PAYMENT Kennethshire OH,185,0,1002,Rent - Mortgage
AvalonBay RENT PAYMENT Barbaramouth PW,491,0,3526,Rent - Mortgage
Essex Property Trust RENT PAYMENT North Dawnside GU,0,133,2331,Rent - Mortgage
AvalonBay RENT PAYMENT New Mary PW,146,0,7165,Rent - Mortgage
Equity Residential RENT PAYMENT New Kristinmouth GU,0,498,6131,Rent - Mortgage
Equity Residential RENT PAYMENT New Kristina MA,35,0,2732,Rent - Mortgage
AvalonBay RENT PAYMENT Melanieville MP,0,492,1182,Rent - Mortgage
Essex Property Trust RENT PAYMENT New Garyshire VA,0,54,6499,Rent - Mortgage
Essex Property Trust RENT PAYMENT Patriciafurt WI,444,0,1226,Rent - Mortgage
Equity Residential RENT PAYMENT Port Patrick AZ,221,0,1791,Rent - Mortgage
Equity Residential RENT PAYMENT Tateberg PA,101,0,3050,Rent - Mortgage
Essex Property Trust RENT PAYMENT Lake Melanie FM,0,223,6249,Rent - Mortgage
Essex Property Trust RENT PAYMENT Scottburgh MI,461,0,6827,Rent - Mortgage
Equity Residential RENT PAYMENT Rodriguezmouth MA,196,0,5865,Rent - Mortgage
Equity Residential RENT PAYMENT Sarahland MT,0,130,6831,Rent - Mortgage
AvalonBay RENT PAYMENT Port Loriborough ND,0,239,3022,Rent - Mortgage
AvalonBay RENT PAYMENT New Jenny KY,378,0,1764,Rent - Mortgage
AvalonBay RENT PAYMENT Lake Kathrynport GA,49,0,3897,Rent - Mortgage
Equity Residential RENT PAYMENT Leeborough UT,346,0,7171,Rent - Mortgage
Essex Property Trust RENT PAYMENT East Jasonfort MO,52,0,5189,Rent - Mortgage
Equity Residential RENT PAYMENT Williamsland WY,445,0,3123,Rent - Mortgage
AvalonBay RENT PAYMENT East Betty NM,298,0,6427,Rent - Mortgage
AvalonBay RENT PAYMENT Port Michelle LA,417,0,1911,Rent - Mortgage
Equity Residential RENT PAYMENT West Clayton VA,0,367,2688,Rent - Mortgage
Equity Residential RENT PAYMENT Smithmouth NH,0,102,6832,Rent - Mortgage
Equity Residential RENT PAYMENT North Margaret LA,197,0,1574,Rent - Mortgage
AvalonBay RENT PAYMENT Padillaburgh NJ,0,259,1983,Rent - Mortgage
Equity Residential RENT PAYMENT West Kayla VT,0,491,1740,Rent - Mortgage
Equity Residential RENT PAYMENT Lake Jaystad ID,0,421,5165,Rent - Mortgage
Essex Property Trust RENT PAYMENT Raybury MP,182,0,1731,Rent - Mortgage
AvalonBay RENT PAYMENT East Michael PR,7,0,6028,Rent - Mortgage
Equity Residential RENT PAYMENT Josephbury AZ,233,0,463,Rent - Mortgage
AvalonBay RENT PAYMENT New Shawnfurt MI,493,0,420,Rent - Mortgage
AvalonBay RENT PAYMENT West Michael MP,180,0,6540,Rent - Mortgage
AvalonBay RENT PAYMENT Hayesbury SC,337,0,5620,Rent - Mortgage
Essex Property Trust RENT PAYMENT East Georgebury MN,449,0,3550,Rent - Mortgage
Equity Residential RENT PAYMENT New Kimberlytown IL,274,0,1595,Rent - Mortgage
AvalonBay RENT PAYMENT Higginsville SD,370,0,7739,Rent - Mortgage
Equity Residential RENT PAYMENT Kathyshire DE,325,0,7271,Rent - Mortgage
Equity Residential RENT PAYMENT Lake Michelle OR,0,487,1928,Rent - Mortgage
Essex Property Trust RENT PAYMENT North Tanyamouth HI,121,0,5224,Rent - Mortgage
AvalonBay RENT PAYMENT Port Megan ND,431,0,7114,Rent - Mortgage
AvalonBay RENT PAYMENT Phyllistown WV,0,329,7722,Rent - Mortgage
Essex Property Trust RENT PAYMENT Lake Joshua ME,0,23,3241,Rent - Mortgage
Equity Residential RENT PAYMENT North Lauraberg DE,0,364,6677,Rent - Mortgage
Essex Property Trust RENT PAYMENT New Sarah MP,0,303,3469,Rent - Mortgage
Essex Property Trust RENT PAYMENT Williamburgh ND,459,0,982,Rent - Mortgage
AvalonBay RENT PAYMENT Robertville AK,0,468,7624,Rent - Mortgage
Essex Property Trust RENT PAYMENT Doughertyfort LA,152,0,5645,Rent - Mortgage
Equity Residential RENT PAYMENT Guerreromouth AL,262,0,2469,Rent - Mortgage
AvalonBay RENT PAYMENT Nelsonfurt MA,0,67,2003,Rent - Mortgage
Essex Property Trust RENT PAYMENT Port Stephenmouth NC,121,0,6027,Rent - Mortgage
Essex Property Trust RENT PAYMENT Port Gary CO,398,0,7396,Rent - Mortgage
AvalonBay RENT PAYMENT Frederickmouth VI,0,60,2573,Rent - Mortgage
AvalonBay RENT PAYMENT Lake Amanda WY,393,0,2274,Rent - Mortgage
Essex Property Trust RENT PAYMENT New Amandamouth WV,0,347,5847,Rent - Mortgage
Essex Property Trust RENT PAYMENT East Matthew NC,401,0,3354,Rent - Mortgage
AvalonBay RENT PAYMENT Latashashire MI,0,278,4841,Rent - Mortgage
Equity Residential RENT PAYMENT West Mike MP,386,0,6039,Rent - Mortgage
Equity Residential RENT PAYMENT Howardbury PW,0,454,1221,Rent - Mortgage
AvalonBay RENT PAYMENT South William UT,0,453,2009,Rent - Mortgage
Essex Property Trust RENT PAYMENT Heathermouth NE,0,106,3725,Rent - Mortgage
Essex Property Trust RENT PAYMENT East Rebeccaburgh KS,0,30,3704,Rent - Mortgage
Essex Property Trust RENT PAYMENT South Kenneth MP,0,187,7596,Rent - Mortgage
Equity Residential RENT PAYMENT East Ryan WA,0,189,6053,Rent - Mortgage
Equity Residential RENT PAYMENT Valeriemouth NC,0,499,576,Rent - Mortgage
AvalonBay RENT PAYMENT Lake Donnafort NH,0,18,6591,Rent - Mortgage
Equity Residential RENT PAYMENT New Caitlinton KY,286,0,5143,Rent - Mortgage
AvalonBay RENT PAYMENT South Kathryn MT,12,0,7880,Rent - Mortgage
Equity Residential RENT PAYMENT New Ashleyport MH,494,0,5403,Rent - Mortgage
AvalonBay RENT PAYMENT Duaneberg MI,0,484,216,Rent - Mortgage
Essex Property Trust RENT PAYMENT Lake Jamiebury FL,296,0,6690,Rent - Mortgage
Equity Residential RENT PAYMENT New Royborough MD,0,123,1980,Rent - Mortgage
AvalonBay RENT PAYMENT Frankview TX,16,0,4025,Rent - Mortgage
Essex Property Trust RENT PAYMENT South Lisastad KS,432,0,937,Rent - Mortgage
Equity Residential RENT PAYMENT Richardland LA,0,95,5492,Rent - Mortgage
Equity Residential RENT PAYMENT South Dustinmouth HI,427,0,5339,Rent - Mortgage
Equity Residential RENT PAYMENT Mooreborough VT,43,0,5033,Rent - Mortgage
Equity Residential RENT PAYMENT Josephberg MI,0,364,1393,Rent - Mortgage
Equity Residential RENT PAYMENT Johnsontown GA,0,33,5864,Rent - Mortgage
Equity Residential RENT PAYMENT Jacksonberg AS,0,495,7648,Rent - Mortgage
AvalonBay RENT PAYMENT Allentown MT,386,0,5242,Rent - Mortgage
AvalonBay RENT PAYMENT Troymouth GA,407,0,4201,Rent - Mortgage
Essex Property Trust RENT PAYMENT Williamsside NH,0,182,7440,Rent - Mortgage
McDonald's Martinezbury AK,28,0,6501,Restaurant
McDonald's Deannaville DC,28,0,7502,Restaurant
McDonald's Baldwinside SC,0,120,4400,Restaurant
Taco Bell Underwoodmouth SC,66,0,3413,Restaurant
Chipotle New Williambury ID,0,134,7619,Restaurant
Chipotle New Cory ID,41,0,2306,Restaurant
Olive Garden Bakerfurt NE,22,0,6246,Restaurant
Olive Garden North Edward DE,41,0,4288,Restaurant
McDonald's East Cindy OK,0,32,6952,Restaurant
Olive Garden East Melissa VT,0,333,4749,Restaurant
Taco Bell Lake Johnview KY,0,5,4980,Restaurant
Olive Garden Laurenton MD,34,0,2150,Restaurant
Taco Bell Port Melissa NV,382,0,287,Restaurant
Taco Bell Mariastad RI,0,487,5932,Restaurant
McDonald's New Jennifer MH,0,21,6140,Restaurant
Taco Bell South Jeremyville TX,110,0,7489,Restaurant
McDonald's North Megan OH,0,87,2868,Restaurant
Chipotle Daughertybury AK,432,0,5098,Restaurant
McDonald's Lake Jamesstad IA,0,384,5890,Restaurant
Olive Garden Brianchester TN,292,0,3041,Restaurant
Chipotle Toddmouth TX,0,150,616,Restaurant
McDonald's Jasonstad CA,229,0,400,Restaurant
Chipotle Rodriguezland PA,0,226,6011,Restaurant
Chipotle Lake Juliaborough VI,128,0,5336,Restaurant
Taco Bell Katelynhaven DE,296,0,2215,Restaurant
Olive Garden North Annemouth SD,32,0,5146,Restaurant
Chipotle Kimberlyborough AZ,352,0,2847,Restaurant
Taco Bell East Matthewhaven OH,0,453,394,Restaurant
Chipotle West Whitney IA,159,0,4027,Restaurant
Taco Bell Hansonport MS,0,149,884,Restaurant
Taco Bell West Sarah KS,0,33,3607,Restaurant
Taco Bell Ryanfurt PR,53,0,731,Restaurant
Chipotle Shelleyborough NM,0,358,4884,Restaurant
Olive Garden Wilsonport NH,0,122,7165,Restaurant
Taco Bell Carterland OK,0,150,2026,Restaurant
Chipotle Jenniferberg VI,0,464,1209,Restaurant
Taco Bell Lake Kristiville AS,165,0,3128,Restaurant
Olive Garden East Paul WA,0,151,6579,Restaurant
Olive Garden East Kaylaborough TX,69,0,5849,Restaurant
McDonald's South Amybury MO,0,489,6266,Restaurant
McDonald's Gibsonborough VT,95,0,5131,Restaurant
McDonald's West Mary IN,388,0,5789,Restaurant
Taco Bell West Pamela IL,65,0,4474,Restaurant
Olive Garden New Anthonytown OH,0,51,2452,Restaurant
Olive Garden Adamtown TX,71,0,3287,Restaurant
Olive Garden Rogersfort KY,484,0,6397,Restaurant
McDonald's Shawnfort AL,0,494,284,Restaurant
McDonald's Lake Tammy TN,390,0,5061,Restaurant
Taco Bell Paulstad MH,0,399,1411,Restaurant
Taco Bell East Anthony KS,0,222,3717,Restaurant
Taco Bell South Thomasside MT,414,0,5498,Restaurant
Olive Garden East Danielle TN,361,0,3460,Restaurant
Olive Garden East Jessicamouth ND,410,0,7386,Restaurant
Olive Garden West Davidchester MH,448,0,3654,Restaurant
McDonald's Wilsonton MS,352,0,6636,Restaurant
Chipotle East Brookeborough WI,0,421,6345,Restaurant
Olive Garden Laurenside KY,0,340,2986,Restaurant
McDonald's Port Elizabethview CA,220,0,2765,Restaurant
Taco Bell South Suzanne NE,265,0,6628,Restaurant
Olive Garden Lake Jillburgh MS,14,0,2880,Restaurant
Chipotle North William TN,0,151,4612,Restaurant
Taco Bell Lake Raymond MI,107,0,7322,Restaurant
Taco Bell Hoovershire WA,317,0,6830,Restaurant
Taco Bell North Christina ID,0,28,5094,Restaurant
Taco Bell Jameschester OR,0,351,5693,Restaurant
Chipotle New Randy GA,0,419,769,Restaurant
McDonald's Port Shannonburgh NV,60,0,3963,Restaurant
McDonald's Lake Tanner PR,0,47,6642,Restaurant
McDonald's Solisville NH,354,0,7262,Restaurant
Chipotle West Todd MS,167,0,1533,Restaurant
McDonald's Lake Michael CT,98,0,2530,Restaurant
Taco Bell Peterburgh CA,282,0,6990,Restaurant
Chipotle Thomasshire TX,0,448,6584,Restaurant
McDonald's Jenniferport TN,0,46,3319,Restaurant
Chipotle Lewisshire NV,153,0,4407,Restaurant
McDonald's Brianport HI,0,260,4993,Restaurant
Olive Garden Julietown WV,138,0,5342,Restaurant
Olive Garden Lake Megan KY,195,0,3985,Restaurant
Taco Bell New Darlene AK,468,0,2502,Restaurant
Chipotle Carrollland PA,0,393,6437,Restaurant
Taco Bell Christophershire MS,138,0,3078,Restaurant
Taco Bell North Emily AL,0,187,7617,Restaurant
Chipotle South Dustin GA,164,0,2455,Restaurant
Olive Garden Gilmoreville KY,436,0,7258,Restaurant
Chipotle South Justin PR,453,0,4963,Restaurant
Chipotle Sabrinaberg WV,0,242,1350,Restaurant
Chipotle Port Melissaborough IN,91,0,4338,Restaurant
Olive Garden West Anthonyberg CO,0,21,6193,Restaurant
Taco Bell Smithland OH,70,0,5196,Restaurant
Olive Garden Torreston WV,251,0,6750,Restaurant
Taco Bell West Jeremyside SC,0,445,7316,Restaurant
Taco Bell Bryanburgh KY,0,424,2272,Restaurant
McDonald's Tonyview MN,65,0,2012,Restaurant
Taco Bell Brownton MN,0,317,1933,Restaurant
Olive Garden Orrfort NM,0,239,3654,Restaurant
Olive Garden Murrayburgh RI,451,0,7573,Restaurant
McDonald's Mannbury WI,164,0,5978,Restaurant
Taco Bell New Jodyhaven IL,188,0,4509,Restaurant
Taco Bell Sandraside VA,0,23,5725,Restaurant
Olive Garden Woodsborough ME,381,0,206,Restaurant
Nelnet LOAN PAYMENT 967,0,422,3532,Student Loan
Sallie Mae LOAN PAYMENT 167,0,96,2188,Student Loan
Sallie Mae LOAN PAYMENT 880,433,0,4676,Student Loan
Sallie Mae LOAN PAYMENT 235,0,406,5895,Student Loan
Sallie Mae LOAN PAYMENT 411,364,0,1905,Student Loan
Nelnet LOAN PAYMENT 877,0,188,1456,Student Loan
Navient LOAN PAYMENT 975,0,322,3252,Student Loan
Navient LOAN PAYMENT 239,0,153,4723,Student Loan
Sallie Mae LOAN PAYMENT 757,0,36,3824,Student Loan
Navient LOAN PAYMENT 339,0,88,2215,Student Loan
Navient LOAN PAYMENT 576,248,0,6845,Student Loan
Nelnet LOAN PAYMENT 232,0,398,5819,Student Loan
Nelnet LOAN PAYMENT 768,0,59,2032,Student Loan
Navient LOAN PAYMENT 187,0,141,7702,Student Loan
Sallie Mae LOAN PAYMENT 907,338,0,4663,Student Loan
Nelnet LOAN PAYMENT 480,93,0,2901,Student Loan
Sallie Mae LOAN PAYMENT 589,0,79,986,Student Loan
Navient LOAN PAYMENT 600,0,67,4507,Student Loan
Sallie Mae LOAN PAYMENT 334,0,326,5723,Student Loan
Nelnet LOAN PAYMENT 687,0,341,770,Student Loan
Sallie Mae LOAN PAYMENT 615,345,0,4468,Student Loan
Nelnet LOAN PAYMENT 942,0,491,461,Student Loan
Nelnet LOAN PAYMENT 804,497,0,7656,Student Loan
Navient LOAN PAYMENT 423,0,480,1101,Student Loan
Nelnet LOAN PAYMENT 825,444,0,2210,Student Loan
Navient LOAN PAYMENT 207,0,61,5022,Student Loan
Navient LOAN PAYMENT 116,0,276,5496,Student Loan
Navient LOAN PAYMENT 918,148,0,4971,Student Loan
Navient LOAN PAYMENT 777,30,0,7370,Student Loan
Nelnet LOAN PAYMENT 101,478,0,3019,Student Loan
Nelnet LOAN PAYMENT 702,0,389,5291,Student Loan
Sallie Mae LOAN PAYMENT 994,329,0,6737,Student Loan
Sallie Mae LOAN PAYMENT 577,0,25,6278,Student Loan
Nelnet LOAN PAYMENT 891,0,93,4792,Student Loan
Sallie Mae LOAN PAYMENT 846,0,185,2909,Student Loan
Nelnet LOAN PAYMENT 758,467,0,6020,Student Loan
Sallie Mae LOAN PAYMENT 835,0,171,4508,Student Loan
Nelnet LOAN PAYMENT 671,0,20,1410,Student Loan
Navient LOAN PAYMENT 514,0,132,2844,Student Loan
Nelnet LOAN PAYMENT 788,334,0,1090,Student Loan
Sallie Mae LOAN PAYMENT 952,0,500,2048,Student Loan
Sallie Mae LOAN PAYMENT 561,0,214,7938,Student Loan
Sallie Mae LOAN PAYMENT 303,37,0,6121,Student Loan
Nelnet LOAN PAYMENT 148,0,98,4475,Student Loan
Nelnet LOAN PAYMENT 940,29,0,6657,Student Loan
Sallie Mae LOAN PAYMENT 959,317,0,957,Student Loan
Nelnet LOAN PAYMENT 334,0,250,4327,Student Loan
Sallie Mae LOAN PAYMENT 340,35,0,4918,Student Loan
Sallie Mae LOAN PAYMENT 928,0,306,2627,Student Loan
Navient LOAN PAYMENT 409,362,0,5534,Student Loan
Sallie Mae LOAN PAYMENT 578,0,330,7616,Student Loan
Nelnet LOAN PAYMENT 708,0,176,7358,Student Loan
Sallie Mae LOAN PAYMENT 298,0,238,6719,Student Loan
Navient LOAN PAYMENT 255,483,0,7145,Student Loan
Sallie Mae LOAN PAYMENT 161,0,52,5790,Student Loan
Navient LOAN PAYMENT 532,251,0,776,Student Loan
Nelnet LOAN PAYMENT 496,434,0,6779,Student Loan
Sallie Mae LOAN PAYMENT 841,142,0,1666,Student Loan
Nelnet LOAN PAYMENT 247,120,0,5884,Student Loan
Nelnet LOAN PAYMENT 582,0,21,669,Student Loan
Nelnet LOAN PAYMENT 929,476,0,3256,Student Loan
Sallie Mae LOAN PAYMENT 498,0,346,2360,Student Loan
Sallie Mae LOAN PAYMENT 213,0,460,5805,Student Loan
Sallie Mae LOAN PAYMENT 758,0,336,3530,Student Loan
Nelnet LOAN PAYMENT 671,0,237,3098,Student Loan
Nelnet LOAN PAYMENT 582,299,0,6320,Student Loan
Nelnet LOAN PAYMENT 211,0,381,5180,Student Loan
Sallie Mae LOAN PAYMENT 524,0,408,7480,Student Loan
Nelnet LOAN PAYMENT 788,271,0,5738,Student Loan
Nelnet LOAN PAYMENT 177,199,0,6299,Student Loan
Nelnet LOAN PAYMENT 244,0,408,581,Student Loan
Sallie Mae LOAN PAYMENT 361,367,0,1126,Student Loan
Navient LOAN PAYMENT 637,184,0,2134,Student Loan
Navient LOAN PAYMENT 639,0,210,6844,Student Loan
Nelnet LOAN PAYMENT 707,267,0,593,Student Loan
Sallie Mae LOAN PAYMENT 525,0,16,7066,Student Loan
Navient LOAN PAYMENT 554,0,128,7300,Student Loan
Navient LOAN PAYMENT 777,27,0,6447,Student Loan
Navient LOAN PAYMENT 595,0,499,5722,Student Loan
Navient LOAN PAYMENT 455,327,0,7375,Student Loan
Sallie Mae LOAN PAYMENT 118,0,282,296,Student Loan
Sallie Mae LOAN PAYMENT 188,0,253,2032,Student Loan
Navient LOAN PAYMENT 299,0,382,3715,Student Loan
Nelnet LOAN PAYMENT 354,218,0,5104,Student Loan
Nelnet LOAN PAYMENT 803,0,416,6471,Student Loan
Nelnet LOAN PAYMENT 400,99,0,2815,Student Loan
Sallie Mae LOAN PAYMENT 819,0,347,5260,Student Loan
Navient LOAN PAYMENT 297,48,0,3018,Student Loan
Nelnet LOAN PAYMENT 396,114,0,6462,Student Loan
Navient LOAN PAYMENT 557,0,162,6776,Student Loan
Sallie Mae LOAN PAYMENT 505,0,347,2535,Student Loan
Sallie Mae LOAN PAYMENT 358,86,0,831,Student Loan
Navient LOAN PAYMENT 307,21,0,3746,Student Loan
Nelnet LOAN PAYMENT 553,0,102,2904,Student Loan
Nelnet LOAN PAYMENT 276,111,0,4246,Student Loan
Nelnet LOAN PAYMENT 610,0,326,5106,Student Loan
Navient LOAN PAYMENT 556,139,0,4832,Student Loan
Nelnet LOAN PAYMENT 613,0,153,2994,Student Loan
Sallie Mae LOAN PAYMENT 405,417,0,7414,Student Loan
Nelnet LOAN PAYMENT 198,0,374,2203,Student Loan
Con Edison ELECTRIC BILL 568,0,158,4408 ELECTRIC,Utilities Electric
Florida Power & Light ELECTRIC BILL 131,346,0,7457 ELECTRIC,Utilities Electric
Florida Power & Light ELECTRIC BILL 675,167,0,6184 ELECTRIC,Utilities Electric
Duke Energy ELECTRIC BILL 931,0,497,5000 ELECTRIC,Utilities Electric
Florida Power & Light ELECTRIC BILL 509,109,0,6455 ELECTRIC,Utilities Electric
Duke Energy ELECTRIC BILL 394,168,0,6182 ELECTRIC,Utilities Electric
Con Edison ELECTRIC BILL 899,328,0,5930 ELECTRIC,Utilities Electric
Florida Power & Light ELECTRIC BILL 466,143,0,7279 ELECTRIC,Utilities Electric
Con Edison ELECTRIC BILL 671,324,0,7960 ELECTRIC,Utilities Electric
Florida Power & Light ELECTRIC BILL 792,0,409,1058 ELECTRIC,Utilities Electric
Florida Power & Light ELECTRIC BILL 181,0,359,5354 ELECTRIC,Utilities Electric
Florida Power & Light ELECTRIC BILL 468,66,0,2286 ELECTRIC,Utilities Electric
Florida Power & Light ELECTRIC BILL 837,195,0,6457 ELECTRIC,Utilities Electric
Con Edison ELECTRIC BILL 953,397,0,5431 ELECTRIC,Utilities Electric
Con Edison ELECTRIC BILL 279,53,0,619 ELECTRIC,Utilities Electric
Con Edison ELECTRIC BILL 203,72,0,7252 ELECTRIC,Utilities Electric
Con Edison ELECTRIC BILL 390,453,0,3621 ELECTRIC,Utilities Electric
Con Edison ELECTRIC BILL 702,260,0,2456 ELECTRIC,Utilities Electric
Con Edison ELECTRIC BILL 953,39,0,7522 ELECTRIC,Utilities Electric
Florida Power & Light ELECTRIC BILL 829,0,315,3751 ELECTRIC,Utilities Electric
Duke Energy ELECTRIC BILL 179,117,0,7294 ELECTRIC,Utilities Electric
Duke Energy ELECTRIC BILL 349,0,196,6600 ELECTRIC,Utilities Electric
Florida Power & Light ELECTRIC BILL 873,439,0,3885 ELECTRIC,Utilities Electric
Con Edison ELECTRIC BILL 407,254,0,6068 ELECTRIC,Utilities Electric
Con Edison ELECTRIC BILL 574,310,0,5329 ELECTRIC,Utilities Electric
Florida Power & Light ELECTRIC BILL 400,41,0,4717 ELECTRIC,Utilities Electric
Duke Energy ELECTRIC BILL 762,436,0,6438 ELECTRIC,Utilities Electric
Duke Energy ELECTRIC BILL 767,238,0,3611 ELECTRIC,Utilities Electric
Florida Power & Light ELECTRIC BILL 810,0,241,5894 ELECTRIC,Utilities Electric
Florida Power & Light ELECTRIC BILL 389,0,186,1237 ELECTRIC,Utilities Electric
Con Edison ELECTRIC BILL 515,78,0,2558 ELECTRIC,Utilities Electric
Florida Power & Light ELECTRIC BILL 277,326,0,3714 ELECTRIC,Utilities Electric
Duke Energy ELECTRIC BILL 425,84,0,1896 ELECTRIC,Utilities Electric
Florida Power & Light ELECTRIC BILL 502,472,0,7775 ELECTRIC,Utilities Electric
Florida Power & Light ELECTRIC BILL 213,294,0,3962 ELECTRIC,Utilities Electric
Duke Energy ELECTRIC BILL 497,0,100,3062 ELECTRIC,Utilities Electric
Duke Energy ELECTRIC BILL 266,267,0,4743 ELECTRIC,Utilities Electric
Florida Power & Light ELECTRIC BILL 428,354,0,6760 ELECTRIC,Utilities Electric
Con Edison ELECTRIC BILL 253,249,0,3433 ELECTRIC,Utilities Electric
Con Edison ELECTRIC BILL 213,78,0,5497 ELECTRIC,Utilities Electric
Con Edison ELECTRIC BILL 726,338,0,7889 ELECTRIC,Utilities Electric
Duke Energy ELECTRIC BILL 769,0,320,5743 ELECTRIC,Utilities Electric
Florida Power & Light ELECTRIC BILL 933,344,0,7602 ELECTRIC,Utilities Electric
Florida Power & Light ELECTRIC BILL 232,256,0,280 ELECTRIC,Utilities Electric
Duke Energy ELECTRIC BILL 453,0,196,6049 ELECTRIC,Utilities Electric
Florida Power & Light ELECTRIC BILL 837,0,320,512 ELECTRIC,Utilities Electric
Duke Energy ELECTRIC BILL 472,0,74,944 ELECTRIC,Utilities Electric
Florida Power & Light ELECTRIC BILL 676,0,341,3185 ELECTRIC,Utilities Electric
Con Edison ELECTRIC BILL 425,0,263,1544 ELECTRIC,Utilities Electric
Duke Energy ELECTRIC BILL 365,0,61,7665 ELECTRIC,Utilities Electric
Con Edison ELECTRIC BILL 619,123,0,3427 ELECTRIC,Utilities Electric
Con Edison ELECTRIC BILL 785,120,0,4268 ELECTRIC,Utilities Electric
Con Edison ELECTRIC BILL 191,214,0,4748 ELECTRIC,Utilities Electric
Duke Energy ELECTRIC BILL 454,270,0,1114 ELECTRIC,Utilities Electric
Con Edison ELECTRIC BILL 689,411,0,3253 ELECTRIC,Utilities Electric
Duke Energy ELECTRIC BILL 476,0,381,1104 ELECTRIC,Utilities Electric
Con Edison ELECTRIC BILL 655,256,0,4374 ELECTRIC,Utilities Electric
Florida Power & Light ELECTRIC BILL 390,25,0,6833 ELECTRIC,Utilities Electric
Duke Energy ELECTRIC BILL 641,351,0,4429 ELECTRIC,Utilities Electric
Con Edison ELECTRIC BILL 382,0,300,6204 ELECTRIC,Utilities Electric
Con Edison ELECTRIC BILL 181,82,0,3674 ELECTRIC,Utilities Electric
Con Edison ELECTRIC BILL 866,372,0,3758 ELECTRIC,Utilities Electric
Florida Power & Light ELECTRIC BILL 178,194,0,6889 ELECTRIC,Utilities Electric
Duke Energy ELECTRIC BILL 266,0,420,924 ELECTRIC,Utilities Electric
Duke Energy ELECTRIC BILL 616,5,0,6129 ELECTRIC,Utilities Electric
Con Edison ELECTRIC BILL 227,0,166,3475 ELECTRIC,Utilities Electric
Duke Energy ELECTRIC BILL 739,322,0,4498 ELECTRIC,Utilities Electric
Florida Power & Light ELECTRIC BILL 316,352,0,510 ELECTRIC,Utilities Electric
Florida Power & Light ELECTRIC BILL 842,0,36,2120 ELECTRIC,Utilities Electric
Con Edison ELECTRIC BILL 729,0,271,917 ELECTRIC,Utilities Electric
Florida Power & Light ELECTRIC BILL 694,0,477,3926 ELECTRIC,Utilities Electric
Con Edison ELECTRIC BILL 580,0,449,1540 ELECTRIC,Utilities Electric
Duke Energy ELECTRIC BILL 531,0,147,4507 ELECTRIC,Utilities Electric
Florida Power & Light ELECTRIC BILL 536,0,57,3696 ELECTRIC,Utilities Electric
Con Edison ELECTRIC BILL 532,267,0,2008 ELECTRIC,Utilities Electric
Florida Power & Light ELECTRIC BILL 982,0,457,5238 ELECTRIC,Utilities Electric
Con Edison ELECTRIC BILL 242,0,11,6163 ELECTRIC,Utilities Electric
Florida Power & Light ELECTRIC BILL 797,461,0,7021 ELECTRIC,Utilities Electric
Florida Power & Light ELECTRIC BILL 370,0,434,5148 ELECTRIC,Utilities Electric
Florida Power & Light ELECTRIC BILL 194,0,53,6263 ELECTRIC,Utilities Electric
Con Edison ELECTRIC BILL 312,0,94,6535 ELECTRIC,Utilities Electric
Con Edison ELECTRIC BILL 815,309,0,1242 ELECTRIC,Utilities Electric
Duke Energy ELECTRIC BILL 181,449,0,6587 ELECTRIC,Utilities Electric
Florida Power & Light ELECTRIC BILL 523,0,351,3043 ELECTRIC,Utilities Electric
Duke Energy ELECTRIC BILL 329,37,0,434 ELECTRIC,Utilities Electric
Con Edison ELECTRIC BILL 151,251,0,2749 ELECTRIC,Utilities Electric
Florida Power & Light ELECTRIC BILL 565,145,0,949 ELECTRIC,Utilities Electric
Florida Power & Light ELECTRIC BILL 985,75,0,5604 ELECTRIC,Utilities Electric
Con Edison ELECTRIC BILL 809,0,412,2715 ELECTRIC,Utilities Electric
Duke Energy ELECTRIC BILL 540,0,472,7036 ELECTRIC,Utilities Electric
Florida Power & Light ELECTRIC BILL 494,13,0,594 ELECTRIC,Utilities Electric
Florida Power & Light ELECTRIC BILL 197,0,278,340 ELECTRIC,Utilities Electric
Con Edison ELECTRIC BILL 539,0,309,1606 ELECTRIC,Utilities Electric
Duke Energy ELECTRIC BILL 763,195,0,5647 ELECTRIC,Utilities Electric
Florida Power & Light ELECTRIC BILL 562,0,100,699 ELECTRIC,Utilities Electric
Florida Power & Light ELECTRIC BILL 958,0,316,4659 ELECTRIC,Utilities Electric
Duke Energy ELECTRIC BILL 500,0,341,1480 ELECTRIC,Utilities Electric
Duke Energy ELECTRIC BILL 797,0,65,523 ELECTRIC,Utilities Electric
Florida Power & Light ELECTRIC BILL 588,0,147,927 ELECTRIC,Utilities Electric
Florida Power & Light ELECTRIC BILL 948,0,421,7124 ELECTRIC,Utilities Electric
ATT BILL PAYMENT 1732 (2006-10-18) 318.215.6456x04755 ME 706,0,136,4643,Home Internet
VERIZON FIOS 3404 (1984-11-08) 9109156981 CA 930,387,0,3353,Home Internet
VERIZON FIOS 9224 (1976-02-22) +1-959-200-0503 PR 534,275,0,7257,Home Internet
XFINITY INTERNET 2966 (1982-08-19) 001-595-434-4882 ND 724,461,0,6643,Home Internet
ATT BILL PAYMENT 6332 (2011-12-17) +1-800-429-9797x33345 HI 453,482,0,3968,Home Internet
ATT BILL PAYMENT 5096 (1976-10-12) 001-899-859-3669x97220 NJ 870,381,0,1776,Home Internet
XFINITY INTERNET 7596 (2018-09-06) 589-731-8214x734 VI 149,0,309,3603,Home Internet
VERIZON FIOS 2219 (1971-12-17) 756-945-7330 CA 500,139,0,2020,Home Internet
VERIZON FIOS 7087 (2006-10-23) 901-880-8196x62222 MP 475,228,0,2648,Home Internet
VERIZON FIOS 1233 (2023-10-06) 948.899.1824x369 FL 605,170,0,5210,Home Internet
VERIZON FIOS 4092 (1971-02-17) 344-532-3402 CA 987,0,34,2106,Home Internet
ATT BILL PAYMENT 2106 (1992-10-03) +1-809-432-6292x680 AS 385,0,93,1617,Home Internet
XFINITY INTERNET 2068 (2007-10-06) 9066801816 HI 229,28,0,4236,Home Internet
XFINITY INTERNET 5062 (2019-06-03) 234.380.2985 TN 212,0,412,482,Home Internet
ATT BILL PAYMENT 4066 (2002-09-22) 001-673-532-5602 MN 116,0,312,5604,Home Internet
XFINITY INTERNET 9460 (2012-06-03) 001-608-684-8368x5854 ID 183,0,429,1507,Home Internet
ATT BILL PAYMENT 3939 (1989-04-29) 514.583.8597x63684 NC 154,0,134,4895,Home Internet
ATT BILL PAYMENT 4491 (1992-08-30) 636-352-1431x80301 MD 308,0,111,3785,Home Internet
XFINITY INTERNET 3516 (2007-08-16) 419-827-1268x4280 SC 634,206,0,7242,Home Internet
VERIZON FIOS 1769 (2018-05-14) 3856811713 MA 963,0,295,6639,Home Internet
XFINITY INTERNET 8669 (2009-03-19) 001-279-656-8668x2847 MH 834,310,0,5424,Home Internet
VERIZON FIOS 6900 (2007-05-24) 842.849.2505x03267 DE 864,352,0,2177,Home Internet
XFINITY INTERNET 8495 (1987-07-07) (393)733-7169 AZ 653,257,0,1987,Home Internet
VERIZON FIOS 4829 (1981-05-07) (930)810-8261x14155 DC 590,0,351,7953,Home Internet
ATT BILL PAYMENT 3332 (1993-11-24) 8426408862 ID 283,279,0,828,Home Internet
XFINITY INTERNET 5527 (1988-10-31) (929)241-7545x6354 VA 441,139,0,4763,Home Internet
VERIZON FIOS 8011 (2024-08-28) 498.917.5062 TN 135,0,46,3313,Home Internet
ATT BILL PAYMENT 9374 (1976-06-28) 001-616-613-5731x77891 VA 564,213,0,5493,Home Internet
ATT BILL PAYMENT 9610 (1976-06-22) (358)505-9575x21368 KY 306,371,0,7696,Home Internet
XFINITY INTERNET 1790 (1992-07-23) 344-480-5240x905 PR 496,0,331,7568,Home Internet
ATT BILL PAYMENT 6104 (1996-01-14) 823.454.3055x967 FM 334,0,22,3950,Home Internet
XFINITY INTERNET 8893 (1992-02-20) 001-664-381-6598x389 IA 940,445,0,2769,Home Internet
VERIZON FIOS 7900 (2020-06-17) +1-469-206-7536 TX 551,0,115,5750,Home Internet
XFINITY INTERNET 6881 (2009-04-03) 001-847-276-2409x25506 OH 300,135,0,530,Home Internet
XFINITY INTERNET 1747 (1976-11-29) 865.323.5212x1192 MO 602,264,0,5939,Home Internet
VERIZON FIOS 2729 (2009-12-30) 710.719.8571x2542 MH 165,0,480,4985,Home Internet
XFINITY INTERNET 9943 (2022-02-23) 474-299-5709x820 WY 326,0,305,2960,Home Internet
XFINITY INTERNET 5051 (2013-01-06) 512.200.3821 DC 196,0,246,3578,Home Internet
ATT BILL PAYMENT 1616 (1975-06-03) 838.564.2222x77605 PW 210,0,25,463,Home Internet
VERIZON FIOS 9054 (1972-06-22) 605.389.9305 ID 682,297,0,1442,Home Internet
VERIZON FIOS 5300 (1972-11-28) +1-754-831-3822x839 WY 203,0,440,6478,Home Internet
VERIZON FIOS 3294 (1993-12-22) 001-432-734-2275x82887 WY 532,312,0,6596,Home Internet
VERIZON FIOS 7115 (2002-02-02) 001-860-517-9227x15328 DE 643,420,0,6849,Home Internet
XFINITY INTERNET 7341 (1987-04-28) 709.487.7029x701 LA 546,59,0,2248,Home Internet
XFINITY INTERNET 8932 (2023-02-11) 5606593529 NE 516,0,87,5511,Home Internet
XFINITY INTERNET 7747 (2010-03-24) (298)429-8048 OR 477,30,0,1219,Home Internet
ATT BILL PAYMENT 7951 (2003-11-26) 389-274-9031x91862 GU 338,0,19,6513,Home Internet
ATT BILL PAYMENT 7057 (2007-05-22) 717-255-2986 CT 107,0,25,663,Home Internet
VERIZON FIOS 1002 (1994-06-29) 001-214-885-6514x661 AK 693,0,262,2419,Home Internet
ATT BILL PAYMENT 9874 (1978-07-06) 3862748808 NV 991,0,306,7519,Home Internet
ATT BILL PAYMENT 9491 (1994-08-17) 001-681-297-4873 DE 504,169,0,7695,Home Internet
XFINITY INTERNET 6153 (1992-05-09) (277)281-0127x159 OH 221,239,0,1234,Home Internet
VERIZON FIOS 6887 (2015-09-03) 391-629-9475x63549 GA 337,209,0,4530,Home Internet
ATT BILL PAYMENT 2985 (1973-01-08) (304)828-8194x2014 FM 793,0,183,1218,Home Internet
ATT BILL PAYMENT 2409 (2025-08-03) 288.781.8477x724 MS 915,0,286,6147,Home Internet
VERIZON FIOS 9154 (1985-08-07) 678-828-3196 RI 888,0,64,998,Home Internet
XFINITY INTERNET 1047 (1984-12-20) 292-439-9705x9866 ID 749,56,0,1942,Home Internet
XFINITY INTERNET 4362 (1976-12-11) (930)995-3182 OR 565,0,209,619,Home Internet
VERIZON FIOS 7355 (1973-10-09) 315-533-0293x7502 AK 202,151,0,929,Home Internet
VERIZON FIOS 5857 (2000-11-14) 6463546431 PR 217,0,237,3981,Home Internet
ATT BILL PAYMENT 5054 (2008-10-02) 646-800-9222x98813 IN 187,179,0,3336,Home Internet
VERIZON FIOS 1778 (1989-06-24) +1-517-760-3270x172 IN 585,349,0,7954,Home Internet
XFINITY INTERNET 2868 (1986-09-22) (765)617-8025 WV 471,0,473,1952,Home Internet
VERIZON FIOS 3825 (1976-12-27) 342-794-5269x0683 IA 297,388,0,412,Home Internet
VERIZON FIOS 9604 (1983-05-17) 838.798.3058x67512 AL 834,0,60,7714,Home Internet
VERIZON FIOS 1844 (1970-10-22) 6575937828 MS 364,0,454,1105,Home Internet
ATT BILL PAYMENT 2849 (2012-06-03) +1-372-334-3933x717 SD 219,86,0,1412,Home Internet
XFINITY INTERNET 9952 (2015-07-31) 479-217-9014 GU 284,0,354,5780,Home Internet
VERIZON FIOS 4195 (2003-01-13) +1-626-945-3038x3799 PA 743,0,356,5715,Home Internet
XFINITY INTERNET 4568 (1975-04-06) 001-494-818-7561x24309 OH 713,0,233,4898,Home Internet
XFINITY INTERNET 8341 (1977-03-03) 290.615.9847 KY 436,276,0,4848,Home Internet
ATT BILL PAYMENT 1475 (1997-10-06) (772)741-1401 SC 142,0,179,3554,Home Internet
ATT BILL PAYMENT 8870 (1977-10-02) 704-356-6329x94084 TN 808,64,0,6360,Home Internet
VERIZON FIOS 8425 (1994-04-07) (501)356-6384x750 MI 995,469,0,1032,Home Internet
XFINITY INTERNET 6638 (2007-08-02) 545-332-6360x51613 TN 974,227,0,6392,Home Internet
ATT BILL PAYMENT 6733 (2006-12-03) 904.383.0866 PR 128,0,448,1761,Home Internet
VERIZON FIOS 8432 (2003-01-22) (696)748-6172 AK 383,0,208,4473,Home Internet
XFINITY INTERNET 3680 (1975-06-25) 232.657.7750x8735 GA 471,372,0,6144,Home Internet
VERIZON FIOS 7597 (1980-07-04) 5307178729 MP 249,249,0,4939,Home Internet
VERIZON FIOS 9962 (2024-08-25) 679.490.5626x455 OR 783,0,63,1747,Home Internet
VERIZON FIOS 1765 (1995-09-06) (526)957-9526x11782 MA 346,257,0,3332,Home Internet
XFINITY INTERNET 1547 (2012-02-14) (955)335-0617 WV 477,52,0,3410,Home Internet
VERIZON FIOS 7767 (1970-01-23) (565)406-4809 RI 172,0,113,7715,Home Internet
VERIZON FIOS 5676 (1997-11-14) (956)774-2822 WY 512,323,0,3087,Home Internet
ATT BILL PAYMENT 2915 (2015-12-08) (528)659-2146 WI 696,0,187,1432,Home Internet
VERIZON FIOS 9430 (2002-02-02) 499.324.0769x68294 DE 729,119,0,2959,Home Internet
VERIZON FIOS 1033 (2017-02-28) 912.717.9601 PW 650,286,0,2505,Home Internet
VERIZON FIOS 6841 (1973-09-17) +1-902-741-0394x5482 CT 954,0,403,503,Home Internet
XFINITY INTERNET 8568 (2022-02-13) 349.374.9502 MI 186,0,389,1049,Home Internet
ATT BILL PAYMENT 5371 (1998-11-30) 380.416.8044 IN 456,0,174,1918,Home Internet
ATT BILL PAYMENT 4082 (1994-11-25) (578)228-8725x443 PW 168,473,0,2428,Home Internet
ATT BILL PAYMENT 1721 (2014-09-03) 916.577.5010x6703 OR 324,0,387,6032,Home Internet
XFINITY INTERNET 6111 (1971-04-15) 001-767-464-0501x42180 VA 819,0,231,4733,Home Internet
VERIZON FIOS 4096 (1997-09-02) 643.715.2723 VT 332,0,40,2582,Home Internet
ATT BILL PAYMENT 2609 (1983-02-02) (223)449-5462x742 VA 521,0,223,4686,Home Internet
XFINITY INTERNET 3344 (1975-09-12) +1-769-954-3400x59577 IA 713,0,224,2942,Home Internet
XFINITY INTERNET 2425 (1972-07-05) +1-429-742-8977x358 HI 824,0,320,1565,Home Internet
VERIZON FIOS 1170 (2001-11-22) 605-334-3974x997 MS 908,0,343,5191,Home Internet
XFINITY INTERNET 3110 (2008-02-01) (919)418-0848 SD 838,202,0,2557,Home Internet
VERIZON FIOS 2765 (2023-01-15) (702)336-4856x27918 CA 137,0,447,4932,Home Internet
Aqua America WATER BILL 536,0,109,6114,Utilities Water
Aqua America WATER BILL 176,179,0,970,Utilities Water
American Water WATER BILL 740,0,411,1181,Utilities Water
Aqua America WATER BILL 917,0,484,3394,Utilities Water
Aqua America WATER BILL 868,0,192,6122,Utilities Water
American Water WATER BILL 198,0,446,1314,Utilities Water
American Water WATER BILL 590,0,488,5976,Utilities Water
American Water WATER BILL 939,243,0,526,Utilities Water
American Water WATER BILL 573,52,0,4280,Utilities Water
Aqua America WATER BILL 111,0,99,3869,Utilities Water
American Water WATER BILL 551,0,39,4920,Utilities Water
American Water WATER BILL 200,0,461,2428,Utilities Water
American Water WATER BILL 897,0,13,623,Utilities Water
Aqua America WATER BILL 232,0,112,5572,Utilities Water
American Water WATER BILL 551,0,470,7456,Utilities Water
American Water WATER BILL 675,0,282,561,Utilities Water
American Water WATER BILL 663,25,0,6088,Utilities Water
American Water WATER BILL 324,0,347,5525,Utilities Water
American Water WATER BILL 921,0,355,6704,Utilities Water
Aqua America WATER BILL 752,0,329,2758,Utilities Water
American Water WATER BILL 744,17,0,7509,Utilities Water
Aqua America WATER BILL 919,138,0,390,Utilities Water
Aqua America WATER BILL 349,42,0,886,Utilities Water
Aqua America WATER BILL 186,0,38,2177,Utilities Water
American Water WATER BILL 467,0,293,535,Utilities Water
American Water WATER BILL 521,432,0,5273,Utilities Water
Aqua America WATER BILL 477,0,474,1074,Utilities Water
American Water WATER BILL 206,0,223,7632,Utilities Water
American Water WATER BILL 497,428,0,816,Utilities Water
Aqua America WATER BILL 459,301,0,4611,Utilities Water
Aqua America WATER BILL 354,315,0,2373,Utilities Water
American Water WATER BILL 316,244,0,7712,Utilities Water
American Water WATER BILL 857,0,372,404,Utilities Water
American Water WATER BILL 788,0,29,3853,Utilities Water
American Water WATER BILL 326,0,381,5517,Utilities Water
Aqua America WATER BILL 646,330,0,6380,Utilities Water
American Water WATER BILL 784,0,47,6685,Utilities Water
American Water WATER BILL 608,0,182,5514,Utilities Water
Aqua America WATER BILL 826,0,111,2361,Utilities Water
Aqua America WATER BILL 218,166,0,6753,Utilities Water
Aqua America WATER BILL 644,23,0,6970,Utilities Water
Aqua America WATER BILL 753,428,0,398,Utilities Water
Aqua America WATER BILL 743,0,441,410,Utilities Water
American Water WATER BILL 996,0,493,7966,Utilities Water
Aqua America WATER BILL 658,0,86,5331,Utilities Water
American Water WATER BILL 561,0,347,1146,Utilities Water
American Water WATER BILL 533,0,314,2820,Utilities Water
Aqua America WATER BILL 493,0,352,7339,Utilities Water
American Water WATER BILL 804,123,0,1449,Utilities Water
American Water WATER BILL 993,446,0,3203,Utilities Water
Aqua America WATER BILL 980,0,356,2984,Utilities Water
Aqua America WATER BILL 984,418,0,5365,Utilities Water
American Water WATER BILL 411,0,102,4756,Utilities Water
American Water WATER BILL 890,135,0,7456,Utilities Water
Aqua America WATER BILL 567,0,298,1265,Utilities Water
American Water WATER BILL 320,167,0,5636,Utilities Water
American Water WATER BILL 330,205,0,5114,Utilities Water
Aqua America WATER BILL 225,0,110,5166,Utilities Water
Aqua America WATER BILL 577,0,68,4269,Utilities Water
Aqua America WATER BILL 381,0,39,3350,Utilities Water
American Water WATER BILL 821,103,0,5093,Utilities Water
Aqua America WATER BILL 378,229,0,4490,Utilities Water
American Water WATER BILL 862,0,232,5269,Utilities Water
Aqua America WATER BILL 247,0,43,908,Utilities Water
American Water WATER BILL 757,0,89,1871,Utilities Water
American Water WATER BILL 790,0,153,6000,Utilities Water
Aqua America WATER BILL 145,88,0,3398,Utilities Water
Aqua America WATER BILL 853,485,0,3691,Utilities Water
Aqua America WATER BILL 260,384,0,7753,Utilities Water
American Water WATER BILL 467,493,0,4082,Utilities Water
American Water WATER BILL 430,0,298,879,Utilities Water
American Water WATER BILL 543,0,229,7792,Utilities Water
Aqua America WATER BILL 249,255,0,7977,Utilities Water
Aqua America WATER BILL 153,0,428,5682,Utilities Water
Aqua America WATER BILL 768,452,0,3172,Utilities Water
American Water WATER BILL 885,344,0,6157,Utilities Water
Aqua America WATER BILL 658,0,315,1631,Utilities Water
American Water WATER BILL 456,0,227,499,Utilities Water
American Water WATER BILL 445,0,429,5966,Utilities Water
American Water WATER BILL 691,242,0,7390,Utilities Water
Aqua America WATER BILL 470,0,208,4335,Utilities Water
Aqua America WATER BILL 150,0,460,4682,Utilities Water
Aqua America WATER BILL 163,350,0,3211,Utilities Water
American Water WATER BILL 196,378,0,2194,Utilities Water
American Water WATER BILL 458,0,326,7061,Utilities Water
American Water WATER BILL 896,62,0,5507,Utilities Water
Aqua America WATER BILL 877,375,0,3507,Utilities Water
American Water WATER BILL 466,46,0,1650,Utilities Water
American Water WATER BILL 186,392,0,1125,Utilities Water
Aqua America WATER BILL 182,0,223,7852,Utilities Water
Aqua America WATER BILL 323,0,485,6234,Utilities Water
American Water WATER BILL 505,0,225,6375,Utilities Water
American Water WATER BILL 565,0,96,4640,Utilities Water
Aqua America WATER BILL 410,309,0,7533,Utilities Water
American Water WATER BILL 579,0,110,6675,Utilities Water
American Water WATER BILL 122,0,78,3820,Utilities Water
American Water WATER BILL 107,494,0,5284,Utilities Water
American Water WATER BILL 455,0,240,6671,Utilities Water
American Water WATER BILL 367,101,0,2248,Utilities Water
American Water WATER BILL 298,0,251,3210,Utilities Water
