Transaction Description,Category
Olive Garden East Danielle TN,Restaurant
Sallie Mae LOAN PAYMENT 880,Student Loan
Starbucks Carlsonmouth DC,Coffee
Aqua America WATER BILL 743,Utilities Water
Aqua America WATER BILL 646,Utilities Water
MasterCard E-PAYMENT 5597,Credit Card
MasterCard E-PAYMENT 3204,Credit Card
VERIZON WIRELESS 2579 (2023-08-30) 001-692-502-7161 MH 12179178,Mobile Phone
Con Edison ELECTRIC BILL 726 ELECTRIC,Utilities Electric
Target #1587 SPENCERBURGH UT 712,Misc
Whole Foods Brownmouth GA,Groceries
Nelnet LOAN PAYMENT 708,Student Loan
Shell FUEL West Shawn OH,Gas
VERIZON FIOS 7115 (2002-02-02) 001-860-517-9227x15328 DE 643,Home Internet
T-MOBILE 8910 (1980-01-12) 507.893.0580 AL 75820488,Mobile Phone
Taco Bell Bryanburgh KY,Restaurant
LOWE'S #5906 HODGESMOUTH PR 710,Misc
Taco Bell Ryanfurt PR,Restaurant
VERIZON WIRELESS 8896 (2009-12-10) 688.466.0897x59353 FM 91265694,Mobile Phone
VERIZON FIOS 3294 (1993-12-22) 001-432-734-2275x82887 WY 532,Home Internet
BP FUEL Port Joseph NV,Gas
Starbucks Woodland NE,Coffee
Netflix SUB 4844,Subscription
Whole Foods Greenview VI,Groceries
Shell FUEL Davisside ME,Gas
AMEX E-PAYMENT 1420,Credit Card
Olive Garden Adamtown TX,Restaurant
Essex Property Trust RENT PAYMENT Scottburgh MI,Rent - Mortgage
Disney+ SUB 4726,Subscription
MasterCard E-PAYMENT 3256,Credit Card
HELLO MOBILE 7085 (1981-07-14) 304-753-0380 GA 33185124,Mobile Phone
Dunkin East Christopherland CT,Coffee
Amazon Prime SUB 4940,Subscription
ATT BILL PAYMENT 1616 (1975-06-03) 838.564.2222x77605 PW 210,Home Internet
Exxon FUEL Suttonfort OH,Gas
LOWE'S #3072 ALLENFURT MS 776,Misc
T-MOBILE 5396 (2003-02-24) 792.852.2641 MT 67203248,Mobile Phone
Nelnet LOAN PAYMENT 702,Student Loan
Chevron FUEL Lake Lori MN,Gas
American Water WATER BILL 411,Utilities Water
VERIZON FIOS 3825 (1976-12-27) 342-794-5269x0683 IA 297,Home Internet
VERIZON WIRELESS 9210 (2023-09-13) 662.614.6592x77907 IL 23925352,Mobile Phone
AMEX E-PAYMENT 8045,Credit Card
Walmart Supercenter Bridgetchester OR,Groceries
AvalonBay RENT PAYMENT Padillaburgh NJ,Rent - Mortgage
American Water WATER BILL 565,Utilities Water
Best Buy #3678 MOOREPORT OH 820,Misc
AvalonBay RENT PAYMENT East Michael PR,Rent - Mortgage
ATT BILL PAYMENT 5096 (1976-10-12) 001-899-859-3669x97220 NJ 870,Home Internet
Home Depot #4716 WEST RONNIE MI 286,Misc
Nelnet LOAN PAYMENT 496,Student Loan
Dunkin Catherineberg MN,Coffee
Chevron FUEL New Crystalstad NM,Gas
MasterCard E-PAYMENT 5220,Credit Card
Equity Residential RENT PAYMENT North Margaret LA,Rent - Mortgage
Con Edison ELECTRIC BILL 568 ELECTRIC,Utilities Electric
BP FUEL Port Jasonview CT,Gas
Duke Energy ELECTRIC BILL 739 ELECTRIC,Utilities Electric
Netflix SUB 2459,Subscription
Whole Foods Christianburgh NC,Groceries
Florida Power & Light ELECTRIC BILL 982 ELECTRIC,Utilities Electric
Kroger Tylerchester NJ,Groceries
Spotify SUB 3021,Subscription
T-MOBILE 8074 (1970-01-21) 001-468-716-9132x78801 PW 53845786,Mobile Phone
Nelnet LOAN PAYMENT 400,Student Loan
American Water WATER BILL 467,Utilities Water
Shell FUEL South Paul IN,Gas
Walmart Supercenter Melindastad KS,Groceries
Walmart Supercenter Rogersfurt MO,Groceries
Essex Property Trust RENT PAYMENT Williamsside NH,Rent - Mortgage
MasterCard E-PAYMENT 2576,Credit Card
Home Depot #5810 MILLERTON UT 283,Misc
Con Edison ELECTRIC BILL 809 ELECTRIC,Utilities Electric
Hulu SUB 4137,Subscription
VERIZON FIOS 1033 (2017-02-28) 912.717.9601 PW 650,Home Internet
Dunkin Angelaburgh VI,Coffee
Chevron FUEL East Nathanside SD,Gas
AMEX E-PAYMENT 7115,Credit Card
Amazon Prime SUB 3532,Subscription
MasterCard E-PAYMENT 4882,Credit Card
AvalonBay RENT PAYMENT Duaneberg MI,Rent - Mortgage
Florida Power & Light ELECTRIC BILL 829 ELECTRIC,Utilities Electric
Equity Residential RENT PAYMENT New Kristinmouth GU,Rent - Mortgage
Best Buy #7482 EAST ALISONPORT AR 235,Misc
Home Depot #3331 LAKE MATTHEWTON DC 555,Misc
AvalonBay RENT PAYMENT Collinston AZ,Rent - Mortgage
Con Edison ELECTRIC BILL 655 ELECTRIC,Utilities Electric
Netflix SUB 9751,Subscription
Home Depot #7925 SILVABOROUGH OR 307,Misc
Dunkin South Dave OR,Coffee
Target #6675 SOUTH PATRICK RI 744,Misc
Florida Power & Light ELECTRIC BILL 131 ELECTRIC,Utilities Electric
Equity Residential RENT PAYMENT Whiteland DC,Rent - Mortgage
VERIZON FIOS 4195 (2003-01-13) +1-626-945-3038x3799 PA 743,Home Internet
Aqua America WATER BILL 919,Utilities Water
AvalonBay RENT PAYMENT South Robertton DC,Rent - Mortgage
XFINITY INTERNET 6153 (1992-05-09) (277)281-0127x159 OH 221,Home Internet
Navient LOAN PAYMENT 975,Student Loan
VERIZON WIRELESS 1029 (2021-09-01) (592)892-3102 VI 44204174,Mobile Phone
MasterCard E-PAYMENT 5172,Credit Card
Safeway Johnstad NC,Groceries
American Water WATER BILL 551,Utilities Water
Spotify SUB 2560,Subscription
AvalonBay RENT PAYMENT Melanieville MP,Rent - Mortgage
Navient LOAN PAYMENT 556,Student Loan
Navient LOAN PAYMENT 187,Student Loan
Visa E-PAYMENT 9663,Credit Card
Dunkin Browningport FM,Coffee
Navient LOAN PAYMENT 307,Student Loan
Peet's Coffee Davidstad KY,Coffee
T-MOBILE 9530 (2018-03-25) 466.707.5692x5575 TN 26719709,Mobile Phone
ATT BILL PAYMENT 2849 (2012-06-03) +1-372-334-3933x717 SD 219,Home Internet
Con Edison ELECTRIC BILL 203 ELECTRIC,Utilities Electric
Target #1302 CARRIETOWN NM 830,Misc
Olive Garden Gilmoreville KY,Restaurant
Netflix SUB 9830,Subscription
Florida Power & Light ELECTRIC BILL 390 ELECTRIC,Utilities Electric
American Water WATER BILL 206,Utilities Water
Nelnet LOAN PAYMENT 582,Student Loan
Whole Foods Port Patriciaburgh HI,Groceries
XFINITY INTERNET 2425 (1972-07-05) +1-429-742-8977x358 HI 824,Home Internet
Disney+ SUB 7098,Subscription
Dunkin Port Mary SD,Coffee
VERIZON FIOS 1769 (2018-05-14) 3856811713 MA 963,Home Internet
Best Buy #9331 WEST SAMANTHAFORT KS 921,Misc
Aqua America WATER BILL 753,Utilities Water
Equity Residential RENT PAYMENT West Kayla VT,Rent - Mortgage
HELLO MOBILE 6910 (2016-12-19) 919-813-3998 DC 50295545,Mobile Phone
Kroger Laceystad MD,Groceries
McDonald's East Cindy OK,Restaurant
MasterCard E-PAYMENT 9722,Credit Card
Walmart Supercenter East Amber KY,Groceries
Target #7896 PORT MICHELE AZ 567,Misc
Safeway Chapmanfort AK,Groceries
Equity Residential RENT PAYMENT Howardbury PW,Rent - Mortgage
Whole Foods Christopherside WV,Groceries
Walmart Supercenter East Amandashire ME,Groceries
Equity Residential RENT PAYMENT New Kristina MA,Rent - Mortgage
HELLO MOBILE 4510 (2010-08-29) 503-289-3575 PW 46328061,Mobile Phone
MasterCard E-PAYMENT 4842,Credit Card
MasterCard E-PAYMENT 4687,Credit Card
Taco Bell Peterburgh CA,Restaurant
McDonald's South Amybury MO,Restaurant
VERIZON WIRELESS 2057 (2024-01-25) 2753598575 WA 70355310,Mobile Phone
Walmart Supercenter Hancockberg DC,Groceries
Peet's Coffee Bakerland OH,Coffee
Home Depot #6994 MICHELLEBOROUGH WV 978,Misc
Olive Garden Torreston WV,Restaurant
VERIZON FIOS 2219 (1971-12-17) 756-945-7330 CA 500,Home Internet
Aqua America WATER BILL 644,Utilities Water
HELLO MOBILE 5626 (1981-11-06) (906)996-2533x1196 NE 47071095,Mobile Phone
Essex Property Trust RENT PAYMENT East Rebeccaburgh KS,Rent - Mortgage
Peet's Coffee South Manuel AK,Coffee
T-MOBILE 8743 (2020-07-20) +1-506-966-9049x25579 OR 64616001,Mobile Phone
American Water WATER BILL 200,Utilities Water
Netflix SUB 7435,Subscription
Con Edison ELECTRIC BILL 899 ELECTRIC,Utilities Electric
Equity Residential RENT PAYMENT Rodriguezmouth MA,Rent - Mortgage
McDonald's Deannaville DC,Restaurant
AMEX E-PAYMENT 1038,Credit Card
AMEX E-PAYMENT 9865,Credit Card
Peet's Coffee Johnport MD,Coffee
Duke Energy ELECTRIC BILL 531 ELECTRIC,Utilities Electric
VERIZON WIRELESS 8474 (2021-11-20) 001-562-973-4217x9773 FM 82840349,Mobile Phone
Starbucks Stevenview ID,Coffee
Sallie Mae LOAN PAYMENT 213,Student Loan
AMEX E-PAYMENT 7650,Credit Card
Taco Bell East Matthewhaven OH,Restaurant
T-MOBILE 6207 (2021-06-09) 270-494-9075x0564 WY 29448720,Mobile Phone
American Water WATER BILL 691,Utilities Water
Peet's Coffee Dunnview NH,Coffee
LOWE'S #6970 EAST NATHANSHIRE NM 443,Misc
Amazon Prime SUB 8206,Subscription
Whole Foods South Jaredview DE,Groceries
Peet's Coffee East Lori MD,Coffee
Taco Bell South Thomasside MT,Restaurant
Chevron FUEL East Michael WI,Gas
LOWE'S #7530 NORTH LISA WI 286,Misc
HELLO MOBILE 5576 (1991-09-15) 953.494.9663x961 MP 64327971,Mobile Phone
Peet's Coffee Robinsontown ID,Coffee
T-MOBILE 8293 (2017-01-26) 001-661-695-6254x998 MN 54542890,Mobile Phone
LOWE'S #7889 RODRIGUEZSIDE MI 719,Misc
Whole Foods North Paula NY,Groceries
Peet's Coffee Greeneville TN,Coffee
Dunkin Lake Heather FL,Coffee
Florida Power & Light ELECTRIC BILL 565 ELECTRIC,Utilities Electric
Sallie Mae LOAN PAYMENT 952,Student Loan
Duke Energy ELECTRIC BILL 497 ELECTRIC,Utilities Electric
Amazon Prime SUB 8124,Subscription
McDonald's Tonyview MN,Restaurant
Equity Residential RENT PAYMENT Guerreromouth AL,Rent - Mortgage
Hulu SUB 9279,Subscription
AvalonBay RENT PAYMENT Phyllistown WV,Rent - Mortgage
Aqua America WATER BILL 984,Utilities Water
Sallie Mae LOAN PAYMENT 298,Student Loan
Amazon Prime SUB 7602,Subscription
AMEX E-PAYMENT 4150,Credit Card
Peet's Coffee Evansside OK,Coffee
VERIZON WIRELESS 6434 (1973-09-18) 749.372.1472 HI 54748338,Mobile Phone
Nelnet LOAN PAYMENT 891,Student Loan
Shell FUEL Robertview TN,Gas
Home Depot #9072 NORTH JUSTIN GU 223,Misc
HELLO MOBILE 7643 (2003-06-26) (201)753-2352 GU 74237058,Mobile Phone
XFINITY INTERNET 5062 (2019-06-03) 234.380.2985 TN 212,Home Internet
Exxon FUEL Marcfurt WV,Gas
Dunkin East Helen SC,Coffee
Best Buy #7302 SOUTH VICTORIAHAVEN NM 414,Misc
Essex Property Trust RENT PAYMENT Raybury MP,Rent - Mortgage
Dunkin Snowview DE,Coffee
Equity Residential RENT PAYMENT Port Patrick AZ,Rent - Mortgage
XFINITY INTERNET 4568 (1975-04-06) 001-494-818-7561x24309 OH 713,Home Internet
Taco Bell Mariastad RI,Restaurant
Con Edison ELECTRIC BILL 785 ELECTRIC,Utilities Electric
MasterCard E-PAYMENT 9054,Credit Card
MasterCard E-PAYMENT 4235,Credit Card
LOWE'S #2127 LISASTAD AK 906,Misc
Aqua America WATER BILL 470,Utilities Water
Amazon Prime SUB 6409,Subscription
Safeway Andersonland HI,Groceries
Netflix SUB 6143,Subscription
Starbucks Vargasmouth OR,Coffee
Dunkin Staceyberg MO,Coffee
Taco Bell West Sarah KS,Restaurant
Visa E-PAYMENT 1716,Credit Card
Walmart Supercenter North Danielview DE,Groceries
VERIZON FIOS 6841 (1973-09-17) +1-902-741-0394x5482 CT 954,Home Internet
Netflix SUB 4750,Subscription
Aqua America WATER BILL 752,Utilities Water
Chevron FUEL Paulport MT,Gas
Equity Residential RENT PAYMENT Tateberg PA,Rent - Mortgage
VERIZON FIOS 9154 (1985-08-07) 678-828-3196 RI 888,Home Internet
Chevron FUEL Lake Diane VT,Gas
HELLO MOBILE 7662 (2005-03-25) 292-978-1549x72877 NC 40485874,Mobile Phone
Chipotle Thomasshire TX,Restaurant
Exxon FUEL Riverafort AS,Gas
Chipotle East Brookeborough WI,Restaurant
Netflix SUB 5191,Subscription
Essex Property Trust RENT PAYMENT North Tanyamouth HI,Rent - Mortgage
Disney+ SUB 3539,Subscription
AMEX E-PAYMENT 7763,Credit Card
Starbucks Washingtonview PW,Coffee
Florida Power & Light ELECTRIC BILL 985 ELECTRIC,Utilities Electric
Equity Residential RENT PAYMENT South Dustinmouth HI,Rent - Mortgage
Disney+ SUB 9725,Subscription
Walmart Supercenter Jonesfurt HI,Groceries
Walmart Supercenter South Cheryl IN,Groceries
T-MOBILE 2603 (1995-01-29) 001-556-340-3627x08077 ID 78690696,Mobile Phone
Essex Property Trust RENT PAYMENT Doughertyfort LA,Rent - Mortgage
Taco Bell Katelynhaven DE,Restaurant
Whole Foods Susanberg KS,Groceries
Equity Residential RENT PAYMENT Kennethtown RI,Rent - Mortgage
Aqua America WATER BILL 917,Utilities Water
Target #4966 LAKE ERNEST NE 799,Misc
Duke Energy ELECTRIC BILL 453 ELECTRIC,Utilities Electric
Essex Property Trust RENT PAYMENT East Georgebury MN,Rent - Mortgage
Chevron FUEL Ashleybury FL,Gas
Best Buy #1052 WEST LORIVILLE MS 424,Misc
T-MOBILE 7988 (2019-10-28) 689.387.8017x6390 VT 31323831,Mobile Phone
Taco Bell North Christina ID,Restaurant
American Water WATER BILL 456,Utilities Water
Home Depot #1647 EAST NATHANIELCHESTER VA 183,Misc
HELLO MOBILE 6961 (1981-07-07) (779)477-1157 TX 34048687,Mobile Phone
Florida Power & Light ELECTRIC BILL 232 ELECTRIC,Utilities Electric
Target #8645 ROBERTLAND WA 334,Misc
BP FUEL Rachaelberg ID,Gas
ATT BILL PAYMENT 7057 (2007-05-22) 717-255-2986 CT 107,Home Internet
Olive Garden Wilsonport NH,Restaurant
Chevron FUEL West Kelsey NJ,Gas
T-MOBILE 1670 (2025-02-15) (882)482-5187x4183 WV 23658360,Mobile Phone
Chevron FUEL Michaelport ME,Gas
Spotify SUB 4371,Subscription
Visa E-PAYMENT 7519,Credit Card
Equity Residential RENT PAYMENT Richardland LA,Rent - Mortgage
Starbucks Huntside FM,Coffee
Florida Power & Light ELECTRIC BILL 694 ELECTRIC,Utilities Electric
Equity Residential RENT PAYMENT Josephberg MI,Rent - Mortgage
Whole Foods Normaside NV,Groceries
American Water WATER BILL 857,Utilities Water
Spotify SUB 1147,Subscription
Con Edison ELECTRIC BILL 815 ELECTRIC,Utilities Electric
American Water WATER BILL 921,Utilities Water
AvalonBay RENT PAYMENT Lake Kathrynport GA,Rent - Mortgage
Nelnet LOAN PAYMENT 877,Student Loan
AMEX E-PAYMENT 9293,Credit Card
Amazon Prime SUB 7218,Subscription
Peet's Coffee Angelaborough OR,Coffee
Chevron FUEL Lake Amandahaven OR,Gas
VERIZON FIOS 8432 (2003-01-22) (696)748-6172 AK 383,Home Internet
XFINITY INTERNET 6881 (2009-04-03) 001-847-276-2409x25506 OH 300,Home Internet
Chipotle Lake Juliaborough VI,Restaurant
Nelnet LOAN PAYMENT 334,Student Loan
Starbucks Beasleyfurt DC,Coffee
Aqua America WATER BILL 182,Utilities Water
Taco Bell Port Melissa NV,Restaurant
Taco Bell Brownton MN,Restaurant
American Water WATER BILL 521,Utilities Water
Safeway New Micheleton LA,Groceries
Chipotle Port Melissaborough IN,Restaurant
T-MOBILE 6375 (1972-06-11) 364.408.4360x345 CA 95295636,Mobile Phone
XFINITY INTERNET 2068 (2007-10-06) 9066801816 HI 229,Home Internet
Florida Power & Light ELECTRIC BILL 810 ELECTRIC,Utilities Electric
McDonald's Gibsonborough VT,Restaurant
Duke Energy ELECTRIC BILL 394 ELECTRIC,Utilities Electric
Target #4695 SOUTH CHRISTOPHERCHESTER IL 376,Misc
VERIZON FIOS 1233 (2023-10-06) 948.899.1824x369 FL 605,Home Internet
Kroger North Amandatown IL,Groceries
Visa E-PAYMENT 3717,Credit Card
Taco Bell West Jeremyside SC,Restaurant
Home Depot #7830 RAMOSSIDE NC 994,Misc
XFINITY INTERNET 5527 (1988-10-31) (929)241-7545x6354 VA 441,Home Internet
McDonald's Jenniferport TN,Restaurant
Sallie Mae LOAN PAYMENT 525,Student Loan
Starbucks Hansenburgh KS,Coffee
Walmart Supercenter Dorothybury CT,Groceries
Best Buy #3689 SOUTH CHRISTOPHER WA 442,Misc
XFINITY INTERNET 3516 (2007-08-16) 419-827-1268x4280 SC 634,Home Internet
AMEX E-PAYMENT 3847,Credit Card
Safeway North Theresamouth NV,Groceries
Exxon FUEL Barbaraside KS,Gas
Equity Residential RENT PAYMENT Smithmouth NH,Rent - Mortgage
Sallie Mae LOAN PAYMENT 524,Student Loan
Florida Power & Light ELECTRIC BILL 837 ELECTRIC,Utilities Electric
Starbucks North Christine FM,Coffee
Florida Power & Light ELECTRIC BILL 468 ELECTRIC,Utilities Electric
AvalonBay RENT PAYMENT Barbaramouth PW,Rent - Mortgage
XFINITY INTERNET 4362 (1976-12-11) (930)995-3182 OR 565,Home Internet
Visa E-PAYMENT 2976,Credit Card
MasterCard E-PAYMENT 4748,Credit Card
Chevron FUEL Lake Sarashire OH,Gas
McDonald's West Mary IN,Restaurant
Duke Energy ELECTRIC BILL 472 ELECTRIC,Utilities Electric
Netflix SUB 6556,Subscription
Whole Foods New Jamesview MS,Groceries
Starbucks Sarahburgh MS,Coffee
Florida Power & Light ELECTRIC BILL 494 ELECTRIC,Utilities Electric
Taco Bell New Darlene AK,Restaurant
American Water WATER BILL 862,Utilities Water
Walmart Supercenter Thomasbury CO,Groceries
VERIZON WIRELESS 8996 (2023-11-15) (595)481-4837x948 IN 73947840,Mobile Phone
Amazon Prime SUB 7537,Subscription
Chevron FUEL West Leslie VI,Gas
Olive Garden West Anthonyberg CO,Restaurant
Dunkin Bakerburgh NM,Coffee
AvalonBay RENT PAYMENT Robertville AK,Rent - Mortgage
McDonald's Lake Tanner PR,Restaurant
Duke Energy ELECTRIC BILL 797 ELECTRIC,Utilities Electric
Starbucks Lake Robertfort MA,Coffee
Aqua America WATER BILL 826,Utilities Water
Navient LOAN PAYMENT 576,Student Loan
Chevron FUEL South Tyler MI,Gas
Kroger Port Anthonystad WI,Groceries
Navient LOAN PAYMENT 255,Student Loan
Home Depot #7045 WILLIAMTON PA 544,Misc
LOWE'S #2591 HENDERSONBURY MP 832,Misc
VERIZON FIOS 8425 (1994-04-07) (501)356-6384x750 MI 995,Home Internet
Duke Energy ELECTRIC BILL 762 ELECTRIC,Utilities Electric
Chipotle West Whitney IA,Restaurant
Visa E-PAYMENT 5827,Credit Card
Whole Foods Bakertown KY,Groceries
BP FUEL Hutchinsonton MO,Gas
Nelnet LOAN PAYMENT 610,Student Loan
Safeway West Catherineburgh OK,Groceries
American Water WATER BILL 897,Utilities Water
Sallie Mae LOAN PAYMENT 340,Student Loan
HELLO MOBILE 2965 (1970-04-29) 4823412517 MP 59223736,Mobile Phone
Disney+ SUB 8973,Subscription
Essex Property Trust RENT PAYMENT Lake Melanie FM,Rent - Mortgage
XFINITY INTERNET 5051 (2013-01-06) 512.200.3821 DC 196,Home Internet
Aqua America WATER BILL 186,Utilities Water
Visa E-PAYMENT 5978,Credit Card
ATT BILL PAYMENT 9374 (1976-06-28) 001-616-613-5731x77891 VA 564,Home Internet
Starbucks East Aaronmouth TX,Coffee
HELLO MOBILE 4810 (2006-01-20) 224.528.9547x320 TX 74593402,Mobile Phone
Duke Energy ELECTRIC BILL 425 ELECTRIC,Utilities Electric
Target #6346 EAST SEAN AR 439,Misc
AMEX E-PAYMENT 4910,Credit Card
Amazon Prime SUB 4474,Subscription
Florida Power & Light ELECTRIC BILL 194 ELECTRIC,Utilities Electric
Best Buy #9004 SOUTH CHRISTOPHERPORT TN 560,Misc
American Water WATER BILL 430,Utilities Water
McDonald's New Jennifer MH,Restaurant
Duke Energy ELECTRIC BILL 454 ELECTRIC,Utilities Electric
T-MOBILE 6984 (1989-11-08) 367-619-5893x26467 NH 21516326,Mobile Phone
Disney+ SUB 3477,Subscription
MasterCard E-PAYMENT 3593,Credit Card
T-MOBILE 7383 (2006-10-08) 001-693-558-8226x8659 MD 44572802,Mobile Phone
Amazon Prime SUB 9220,Subscription
Sallie Mae LOAN PAYMENT 757,Student Loan
Target #8423 HEATHERVILLE ME 708,Misc
Exxon FUEL East Christine SD,Gas
Netflix SUB 3139,Subscription
Walmart Supercenter Kaylamouth VA,Groceries
Shell FUEL Stanleychester AL,Gas
T-MOBILE 7700 (1995-12-06) 556.684.8767 MN 16741120,Mobile Phone
AvalonBay RENT PAYMENT Williamville TN,Rent - Mortgage
Nelnet LOAN PAYMENT 768,Student Loan
VERIZON FIOS 6900 (2007-05-24) 842.849.2505x03267 DE 864,Home Internet
VERIZON FIOS 7597 (1980-07-04) 5307178729 MP 249,Home Internet
VERIZON FIOS 1844 (1970-10-22) 6575937828 MS 364,Home Internet
American Water WATER BILL 298,Utilities Water
HELLO MOBILE 6763 (1972-01-23) (885)786-4183 ND 13094362,Mobile Phone
Visa E-PAYMENT 9617,Credit Card
Target #6023 KIMBERLYHAVEN AS 644,Misc
Nelnet LOAN PAYMENT 788,Student Loan
Home Depot #7847 KEVINBERG MP 362,Misc
VERIZON WIRELESS 7832 (1995-10-22) 001-221-441-9171 PW 28199099,Mobile Phone
Visa E-PAYMENT 9372,Credit Card
BP FUEL West Teresa CT,Gas
Visa E-PAYMENT 7453,Credit Card
Taco Bell South Jeremyville TX,Restaurant
Visa E-PAYMENT 3953,Credit Card
Duke Energy ELECTRIC BILL 179 ELECTRIC,Utilities Electric
Olive Garden New Anthonytown OH,Restaurant
Exxon FUEL Lake Dana MT,Gas
AMEX E-PAYMENT 8870,Credit Card
American Water WATER BILL 885,Utilities Water
VERIZON FIOS 6887 (2015-09-03) 391-629-9475x63549 GA 337,Home Internet
AMEX E-PAYMENT 2484,Credit Card
Visa E-PAYMENT 7835,Credit Card
HELLO MOBILE 3130 (1987-10-20) (823)953-5783 ID 27687185,Mobile Phone
Spotify SUB 9909,Subscription
American Water WATER BILL 324,Utilities Water
Florida Power & Light ELECTRIC BILL 676 ELECTRIC,Utilities Electric
Kroger Cooperberg UT,Groceries
Peet's Coffee Ethanberg NJ,Coffee
VERIZON FIOS 1002 (1994-06-29) 001-214-885-6514x661 AK 693,Home Internet
Nelnet LOAN PAYMENT 671,Student Loan
Florida Power & Light ELECTRIC BILL 933 ELECTRIC,Utilities Electric
Essex Property Trust RENT PAYMENT East Matthew NC,Rent - Mortgage
Shell FUEL South Todd PR,Gas
Duke Energy ELECTRIC BILL 349 ELECTRIC,Utilities Electric
American Water WATER BILL 198,Utilities Water
Nelnet LOAN PAYMENT 758,Student Loan
XFINITY INTERNET 8932 (2023-02-11) 5606593529 NE 516,Home Internet
Disney+ SUB 2884,Subscription
AMEX E-PAYMENT 2500,Credit Card
XFINITY INTERNET 7596 (2018-09-06) 589-731-8214x734 VI 149,Home Internet
Equity Residential RENT PAYMENT East Ryan WA,Rent - Mortgage
Florida Power & Light ELECTRIC BILL 181 ELECTRIC,Utilities Electric
AMEX E-PAYMENT 9673,Credit Card
Nelnet LOAN PAYMENT 148,Student Loan
Dunkin Anthonyfurt IL,Coffee
AMEX E-PAYMENT 9732,Credit Card
Chevron FUEL Kevinville ND,Gas
Essex Property Trust RENT PAYMENT South Kenneth MP,Rent - Mortgage
Disney+ SUB 7662,Subscription
VERIZON WIRELESS 4972 (1987-03-10) 485.808.9908x0836 WY 53676636,Mobile Phone
Equity Residential RENT PAYMENT New Caitlinton KY,Rent - Mortgage
VERIZON FIOS 4829 (1981-05-07) (930)810-8261x14155 DC 590,Home Internet
Netflix SUB 9807,Subscription
XFINITY INTERNET 3110 (2008-02-01) (919)418-0848 SD 838,Home Internet
Nelnet LOAN PAYMENT 940,Student Loan
Aqua America WATER BILL 658,Utilities Water
Dunkin Allenview AR,Coffee
Equity Residential RENT PAYMENT Williamsland WY,Rent - Mortgage
Visa E-PAYMENT 5344,Credit Card
Disney+ SUB 4630,Subscription
Target #2223 ADAMSBERG DC 151,Misc
Home Depot #9210 HAROLDMOUTH NC 453,Misc
Florida Power & Light ELECTRIC BILL 466 ELECTRIC,Utilities Electric
Kroger North Samanthamouth NV,Groceries
Sallie Mae LOAN PAYMENT 758,Student Loan
Chevron FUEL West Grant MA,Gas
Shell FUEL Lake Michelle CA,Gas
Starbucks Josephstad WY,Coffee
Disney+ SUB 6261,Subscription
Olive Garden Rogersfort KY,Restaurant
Hulu SUB 1098,Subscription
HELLO MOBILE 4593 (1993-10-25) 246.871.3699 AR 89107957,Mobile Phone
MasterCard E-PAYMENT 4426,Credit Card
Walmart Supercenter West Michaelside AZ,Groceries
Spotify SUB 6400,Subscription
AvalonBay RENT PAYMENT West Michael MP,Rent - Mortgage
American Water WATER BILL 573,Utilities Water
Shell FUEL Jamesland MD,Gas
Dunkin West Lisa NM,Coffee
Walmart Supercenter Port Robertberg IL,Groceries
Duke Energy ELECTRIC BILL 616 ELECTRIC,Utilities Electric
Walmart Supercenter Pateltown NH,Groceries
Netflix SUB 2270,Subscription
Duke Energy ELECTRIC BILL 266 ELECTRIC,Utilities Electric
Navient LOAN PAYMENT 514,Student Loan
Exxon FUEL Port Danielport KY,Gas
Navient LOAN PAYMENT 299,Student Loan
Spotify SUB 9797,Subscription
Starbucks Frankton RI,Coffee
Sallie Mae LOAN PAYMENT 118,Student Loan
HELLO MOBILE 8997 (2023-12-14) 263.414.2212x679 CA 63629015,Mobile Phone
American Water WATER BILL 996,Utilities Water
American Water WATER BILL 186,Utilities Water
Nelnet LOAN PAYMENT 232,Student Loan
Peet's Coffee Hopkinsburgh VI,Coffee
Shell FUEL Port Gregory FM,Gas
Essex Property Trust RENT PAYMENT Harrisland ME,Rent - Mortgage
Florida Power & Light ELECTRIC BILL 842 ELECTRIC,Utilities Electric
American Water WATER BILL 790,Utilities Water
VERIZON FIOS 1778 (1989-06-24) +1-517-760-3270x172 IN 585,Home Internet
BP FUEL Charleschester NE,Gas
Dunkin Ellenbury DC,Coffee
BP FUEL Josephport OH,Gas
McDonald's Port Shannonburgh NV,Restaurant
Taco Bell East Anthony KS,Restaurant
Peet's Coffee Josephborough AS,Coffee
Best Buy #2886 ANDERSONHAVEN MH 785,Misc
AMEX E-PAYMENT 9519,Credit Card
Aqua America WATER BILL 225,Utilities Water
Equity Residential RENT PAYMENT Leeborough UT,Rent - Mortgage
Olive Garden Lake Megan KY,Restaurant
Starbucks New Andrewport DE,Coffee
AMEX E-PAYMENT 9157,Credit Card
Aqua America WATER BILL 249,Utilities Water
Shell FUEL Allisonhaven TX,Gas
Olive Garden Lake Jillburgh MS,Restaurant
Taco Bell North Emily AL,Restaurant
Shell FUEL East Whitney VA,Gas
Shell FUEL North Amanda SC,Gas
Kroger Murrayberg UT,Groceries
Aqua America WATER BILL 260,Utilities Water
T-MOBILE 8412 (2012-10-25) +1-671-353-5936x26782 AS 82607389,Mobile Phone
Essex Property Trust RENT PAYMENT New Garyshire VA,Rent - Mortgage
Olive Garden East Paul WA,Restaurant
LOWE'S #7327 KIRBYBURGH CT 343,Misc
Peet's Coffee North Ericaton OK,Coffee
Con Edison ELECTRIC BILL 953 ELECTRIC,Utilities Electric
T-MOBILE 6620 (1998-03-05) 586-961-2051x663 WY 67183381,Mobile Phone
Olive Garden Laurenton MD,Restaurant
Taco Bell New Jodyhaven IL,Restaurant
MasterCard E-PAYMENT 1317,Credit Card
American Water WATER BILL 122,Utilities Water
Visa E-PAYMENT 6998,Credit Card
BP FUEL Port Jessica MD,Gas
Safeway New Aaron MN,Groceries
Duke Energy ELECTRIC BILL 500 ELECTRIC,Utilities Electric
XFINITY INTERNET 8341 (1977-03-03) 290.615.9847 KY 436,Home Internet
Florida Power & Light ELECTRIC BILL 536 ELECTRIC,Utilities Electric
VERIZON FIOS 1765 (1995-09-06) (526)957-9526x11782 MA 346,Home Internet
Florida Power & Light ELECTRIC BILL 562 ELECTRIC,Utilities Electric
Olive Garden East Kaylaborough TX,Restaurant
AvalonBay RENT PAYMENT New Shawnfurt MI,Rent - Mortgage
American Water WATER BILL 821,Utilities Water
XFINITY INTERNET 9460 (2012-06-03) 001-608-684-8368x5854 ID 183,Home Internet
Essex Property Trust RENT PAYMENT Littleshire VI,Rent - Mortgage
AMEX E-PAYMENT 6941,Credit Card
Dunkin Reedberg MT,Coffee
Con Edison ELECTRIC BILL 181 ELECTRIC,Utilities Electric
Navient LOAN PAYMENT 423,Student Loan
AvalonBay RENT PAYMENT Allentown MT,Rent - Mortgage
T-MOBILE 8884 (2020-01-04) 281-567-8641 WV 27405989,Mobile Phone
Aqua America WATER BILL 218,Utilities Water
Target #9817 BATESTOWN NC 461,Misc
Safeway Davisberg MS,Groceries
Home Depot #6718 LAKE TRAVIS NJ 939,Misc
BP FUEL Richardbury WI,Gas
Disney+ SUB 1264,Subscription
Equity Residential RENT PAYMENT Mooreborough VT,Rent - Mortgage
Dunkin Emmaberg CT,Coffee
ATT BILL PAYMENT 9874 (1978-07-06) 3862748808 NV 991,Home Internet
Navient LOAN PAYMENT 297,Student Loan
Hulu SUB 4149,Subscription
BP FUEL Roseborough HI,Gas
Con Edison ELECTRIC BILL 539 ELECTRIC,Utilities Electric
Whole Foods East Samanthafurt PW,Groceries
AvalonBay RENT PAYMENT Port Loriborough ND,Rent - Mortgage
Chevron FUEL South Alicia MH,Gas
Safeway Torresport HI,Groceries
Spotify SUB 2940,Subscription
Safeway North Anthonyport TN,Groceries
American Water WATER BILL 196,Utilities Water
HELLO MOBILE 2843 (1986-09-16) 001-761-545-2788x9222 KS 56006096,Mobile Phone
Florida Power & Light ELECTRIC BILL 675 ELECTRIC,Utilities Electric
Nelnet LOAN PAYMENT 354,Student Loan
American Water WATER BILL 551,Utilities Water
Con Edison ELECTRIC BILL 407 ELECTRIC,Utilities Electric
Aqua America WATER BILL 768,Utilities Water
Best Buy #7631 EAST JASON RI 906,Misc
Aqua America WATER BILL 354,Utilities Water
Equity Residential RENT PAYMENT Kathyshire DE,Rent - Mortgage
Florida Power & Light ELECTRIC BILL 958 ELECTRIC,Utilities Electric
T-MOBILE 6987 (1980-03-04) (728)878-2640x34717 IL 48082123,Mobile Phone
VERIZON FIOS 7900 (2020-06-17) +1-469-206-7536 TX 551,Home Internet
Whole Foods South Mariamouth NV,Groceries
American Water WATER BILL 896,Utilities Water
Starbucks Port Crystal MN,Coffee
McDonald's Mannbury WI,Restaurant
Nelnet LOAN PAYMENT 803,Student Loan
Target #6173 LAKE AMBER VT 581,Misc
ATT BILL PAYMENT 5054 (2008-10-02) 646-800-9222x98813 IN 187,Home Internet
Walmart Supercenter East Joseph NY,Groceries
Navient LOAN PAYMENT 918,Student Loan
AMEX E-PAYMENT 4145,Credit Card
Olive Garden North Edward DE,Restaurant
Equity Residential RENT PAYMENT Valeriemouth NC,Rent - Mortgage
Sallie Mae LOAN PAYMENT 907,Student Loan
VERIZON WIRELESS 1320 (2010-01-01) (896)422-6963x8446 MP 13474591,Mobile Phone
Duke Energy ELECTRIC BILL 763 ELECTRIC,Utilities Electric
Chipotle Lewisshire NV,Restaurant
Starbucks Lake Markbury IN,Coffee
Nelnet LOAN PAYMENT 247,Student Loan
AMEX E-PAYMENT 7853,Credit Card
Starbucks East Christine NJ,Coffee
Essex Property Trust RENT PAYMENT Port Gary CO,Rent - Mortgage
Exxon FUEL Barkerstad OH,Gas
T-MOBILE 4461 (1989-06-11) 001-931-411-6629x92563 NV 94513628,Mobile Phone
American Water WATER BILL 497,Utilities Water
Best Buy #5988 SOUTH DONNA SD 703,Misc
Taco Bell Lake Raymond MI,Restaurant
Aqua America WATER BILL 459,Utilities Water
Sallie Mae LOAN PAYMENT 358,Student Loan
VERIZON FIOS 7355 (1973-10-09) 315-533-0293x7502 AK 202,Home Internet
T-MOBILE 7733 (1977-03-26) 403.951.3982x1987 MH 88047274,Mobile Phone
MasterCard E-PAYMENT 7413,Credit Card
Aqua America WATER BILL 176,Utilities Water
Best Buy #8696 NORTH ANTHONYMOUTH WI 420,Misc
Chevron FUEL Wintersstad NM,Gas
Spotify SUB 8677,Subscription
Walmart Supercenter South Christopher AZ,Groceries
American Water WATER BILL 107,Utilities Water
Nelnet LOAN PAYMENT 553,Student Loan
Sallie Mae LOAN PAYMENT 928,Student Loan
Navient LOAN PAYMENT 639,Student Loan
Hulu SUB 5671,Subscription
MasterCard E-PAYMENT 7834,Credit Card
Aqua America WATER BILL 868,Utilities Water
VERIZON FIOS 1170 (2001-11-22) 605-334-3974x997 MS 908,Home Internet
Walmart Supercenter North Frederick AL,Groceries
Target #7065 EAST RACHEL UT 619,Misc
Amazon Prime SUB 8420,Subscription
AMEX E-PAYMENT 8548,Credit Card
Navient LOAN PAYMENT 600,Student Loan
Target #5880 LAKE JESSICA KY 464,Misc
Starbucks Silvachester KS,Coffee
AvalonBay RENT PAYMENT South William UT,Rent - Mortgage
Nelnet LOAN PAYMENT 613,Student Loan
Exxon FUEL Timothyview CT,Gas
Duke Energy ELECTRIC BILL 540 ELECTRIC,Utilities Electric
Target #5601 NORTH TIFFANY VT 923,Misc
Peet's Coffee Lake Ruben WI,Coffee
MasterCard E-PAYMENT 8713,Credit Card
Hulu SUB 4999,Subscription
HELLO MOBILE 9581 (1991-09-16) 886.540.7903 MP 69026392,Mobile Phone
Walmart Supercenter New Jacob ND,Groceries
ATT BILL PAYMENT 5371 (1998-11-30) 380.416.8044 IN 456,Home Internet
Dunkin Philipshire MI,Coffee
Equity Residential RENT PAYMENT West Mike MP,Rent - Mortgage
Amazon Prime SUB 8535,Subscription
Con Edison ELECTRIC BILL 515 ELECTRIC,Utilities Electric
Target #9073 NEW JOSHUA NH 735,Misc
Chevron FUEL Hernandezside NC,Gas
Amazon Prime SUB 5726,Subscription
McDonald's Lake Michael CT,Restaurant
Netflix SUB 1639,Subscription
Target #2271 CHAVEZMOUTH AZ 478,Misc
Nelnet LOAN PAYMENT 396,Student Loan
Safeway Thomasmouth CA,Groceries
Aqua America WATER BILL 536,Utilities Water
HELLO MOBILE 5508 (2024-06-19) +1-974-767-2343 PR 63198174,Mobile Phone
Navient LOAN PAYMENT 637,Student Loan
Target #9438 JOSEPHBURY WA 992,Misc
American Water WATER BILL 663,Utilities Water
Visa E-PAYMENT 9618,Credit Card
Shell FUEL Robertfort DC,Gas
Con Edison ELECTRIC BILL 532 ELECTRIC,Utilities Electric
ATT BILL PAYMENT 2609 (1983-02-02) (223)449-5462x742 VA 521,Home Internet
Shell FUEL North Sydney IA,Gas
Netflix SUB 4379,Subscription
VERIZON WIRELESS 2871 (2005-05-26) 7249688605 RI 37531495,Mobile Phone
Con Edison ELECTRIC BILL 729 ELECTRIC,Utilities Electric
Sallie Mae LOAN PAYMENT 577,Student Loan
Dunkin Walkerville ID,Coffee
Visa E-PAYMENT 2329,Credit Card
McDonald's Lake Jamesstad IA,Restaurant
XFINITY INTERNET 1790 (1992-07-23) 344-480-5240x905 PR 496,Home Internet
Starbucks Kelleyhaven OR,Coffee
Chipotle Carrollland PA,Restaurant
Kroger Adriantown ME,Groceries
Chipotle North William TN,Restaurant
Safeway Port Timothy CO,Groceries
Amazon Prime SUB 5203,Subscription
MasterCard E-PAYMENT 1112,Credit Card
ATT BILL PAYMENT 4082 (1994-11-25) (578)228-8725x443 PW 168,Home Internet
HELLO MOBILE 9197 (1996-11-08) 001-379-945-8127x16361 NH 98919312,Mobile Phone
Aqua America WATER BILL 410,Utilities Water
Kroger Smithtown DE,Groceries
American Water WATER BILL 445,Utilities Water
Nelnet LOAN PAYMENT 582,Student Loan
Amazon Prime SUB 4148,Subscription
Navient LOAN PAYMENT 339,Student Loan
XFINITY INTERNET 8893 (1992-02-20) 001-664-381-6598x389 IA 940,Home Internet
Sallie Mae LOAN PAYMENT 835,Student Loan
Aqua America WATER BILL 493,Utilities Water
Walmart Supercenter South Michelle AS,Groceries
Dunkin South Adamstad OH,Coffee
American Water WATER BILL 467,Utilities Water
Aqua America WATER BILL 247,Utilities Water
LOWE'S #1625 LAKE KIMBERLYFORT GU 138,Misc
Home Depot #4753 AARONMOUTH NC 234,Misc
Con Edison ELECTRIC BILL 151 ELECTRIC,Utilities Electric
T-MOBILE 7662 (2011-10-20) 814-667-6913x3767 VT 52270896,Mobile Phone
ATT BILL PAYMENT 3332 (1993-11-24) 8426408862 ID 283,Home Internet
Aqua America WATER BILL 381,Utilities Water
Visa E-PAYMENT 1158,Credit Card
Best Buy #4572 EAST AMY WV 883,Misc
HELLO MOBILE 3040 (2008-09-28) 745.518.3087x4765 OK 30142090,Mobile Phone
Nelnet LOAN PAYMENT 244,Student Loan
Essex Property Trust RENT PAYMENT Port Stephenmouth NC,Rent - Mortgage
Hulu SUB 6757,Subscription
LOWE'S #5452 SOUTH JESSICALAND MH 672,Misc
Chevron FUEL Thompsonbury WY,Gas
Best Buy #6515 TAMMYPORT OH 276,Misc
Netflix SUB 1377,Subscription
VERIZON WIRELESS 6122 (2024-07-17) 874.248.6663 IN 90448829,Mobile Phone
Shell FUEL Catherinechester MA,Gas
Equity Residential RENT PAYMENT Josephbury AZ,Rent - Mortgage
Dunkin Markport ND,Coffee
Amazon Prime SUB 8695,Subscription
Navient LOAN PAYMENT 557,Student Loan
T-MOBILE 8025 (1984-02-29) 432.500.9737x42965 IL 31324007,Mobile Phone
Best Buy #8900 NEW MICHELE OK 599,Misc
HELLO MOBILE 9529 (2002-03-25) 983-263-3459 OH 25832268,Mobile Phone
Safeway Ramirezfurt SC,Groceries
HELLO MOBILE 7127 (1972-02-10) 771-444-7283x847 NY 19828029,Mobile Phone
Whole Foods New Nicholas AR,Groceries
AvalonBay RENT PAYMENT Troymouth GA,Rent - Mortgage
Kroger Kimberlyview IN,Groceries
Netflix SUB 1061,Subscription
Safeway Guerrerochester VI,Groceries
XFINITY INTERNET 3344 (1975-09-12) +1-769-954-3400x59577 IA 713,Home Internet
XFINITY INTERNET 6638 (2007-08-02) 545-332-6360x51613 TN 974,Home Internet
American Water WATER BILL 744,Utilities Water
Florida Power & Light ELECTRIC BILL 588 ELECTRIC,Utilities Electric
Sallie Mae LOAN PAYMENT 846,Student Loan
HELLO MOBILE 6441 (2023-10-26) +1-400-855-3055x421 WA 62143722,Mobile Phone
Safeway Marcusberg NC,Groceries
Exxon FUEL West Andremouth AK,Gas
Safeway North Paulstad MS,Groceries
HELLO MOBILE 1583 (2000-11-13) 255.703.7615 MP 47965427,Mobile Phone
Olive Garden West Davidchester MH,Restaurant
Chevron FUEL West Walterfurt MP,Gas
Aqua America WATER BILL 658,Utilities Water
Home Depot #4252 CLARKMOUTH KS 399,Misc
XFINITY INTERNET 6111 (1971-04-15) 001-767-464-0501x42180 VA 819,Home Internet
American Water WATER BILL 608,Utilities Water
Equity Residential RENT PAYMENT West Clayton VA,Rent - Mortgage
Olive Garden Bakerfurt NE,Restaurant
VERIZON FIOS 9224 (1976-02-22) +1-959-200-0503 PR 534,Home Internet
Shell FUEL North Brian FL,Gas
Florida Power & Light ELECTRIC BILL 370 ELECTRIC,Utilities Electric
HELLO MOBILE 7642 (1995-08-12) 416.281.9368x910 NM 71752703,Mobile Phone
Best Buy #4656 PORT ANITA LA 262,Misc
Chipotle West Todd MS,Restaurant
VERIZON FIOS 5857 (2000-11-14) 6463546431 PR 217,Home Internet
Olive Garden Laurenside KY,Restaurant
VERIZON FIOS 3404 (1984-11-08) 9109156981 CA 930,Home Internet
T-MOBILE 6587 (1982-04-03) (357)768-3641x9903 NE 67858466,Mobile Phone
Exxon FUEL Marcfort SC,Gas
Shell FUEL South Darlenefort MS,Gas
Aqua America WATER BILL 378,Utilities Water
American Water WATER BILL 804,Utilities Water
Chevron FUEL East Maria ID,Gas
Sallie Mae LOAN PAYMENT 498,Student Loan
Chevron FUEL New Bobby GA,Gas
Shell FUEL Shawnberg RI,Gas
Taco Bell West Pamela IL,Restaurant
Walmart Supercenter Tammyville NH,Groceries
Nelnet LOAN PAYMENT 198,Student Loan
AvalonBay RENT PAYMENT New Jenny KY,Rent - Mortgage
Essex Property Trust RENT PAYMENT New Carolinechester WY,Rent - Mortgage
T-MOBILE 5405 (2014-02-08) 519.255.6318x772 GU 31443352,Mobile Phone
VERIZON WIRELESS 3071 (1997-04-30) (325)453-3051x3036 HI 51721150,Mobile Phone
Whole Foods West Jeanne KS,Groceries
Navient LOAN PAYMENT 554,Student Loan
Essex Property Trust RENT PAYMENT Lake Joshua ME,Rent - Mortgage
VERIZON FIOS 4096 (1997-09-02) 643.715.2723 VT 332,Home Internet
VERIZON FIOS 8011 (2024-08-28) 498.917.5062 TN 135,Home Internet
Hulu SUB 8549,Subscription
MasterCard E-PAYMENT 6894,Credit Card
Olive Garden Brianchester TN,Restaurant
Aqua America WATER BILL 349,Utilities Water
Best Buy #5653 NEW RUBEN IL 857,Misc
VERIZON WIRELESS 4797 (1992-10-13) +1-596-378-1804 NM 68882057,Mobile Phone
Whole Foods North Rebecca WI,Groceries
AMEX E-PAYMENT 5667,Credit Card
American Water WATER BILL 320,Utilities Water
Duke Energy ELECTRIC BILL 365 ELECTRIC,Utilities Electric
Dunkin New John IL,Coffee
ATT BILL PAYMENT 8870 (1977-10-02) 704-356-6329x94084 TN 808,Home Internet
Target #1719 LAKE BRENDA OH 442,Misc
Starbucks Cindyton PR,Coffee
Taco Bell Hansonport MS,Restaurant
AvalonBay RENT PAYMENT East Betty NM,Rent - Mortgage
Navient LOAN PAYMENT 777,Student Loan
Hulu SUB 3364,Subscription
American Water WATER BILL 533,Utilities Water
MasterCard E-PAYMENT 1165,Credit Card
Equity Residential RENT PAYMENT Heatherstad RI,Rent - Mortgage
McDonald's Lake Tammy TN,Restaurant
Exxon FUEL Michaelchester ID,Gas
Duke Energy ELECTRIC BILL 767 ELECTRIC,Utilities Electric
VERIZON WIRELESS 5412 (1983-12-25) 380.783.9780 TN 90733461,Mobile Phone
AvalonBay RENT PAYMENT Lake Donnafort NH,Rent - Mortgage
Duke Energy ELECTRIC BILL 476 ELECTRIC,Utilities Electric
Visa E-PAYMENT 7697,Credit Card
Hulu SUB 1957,Subscription
XFINITY INTERNET 2966 (1982-08-19) 001-595-434-4882 ND 724,Home Internet
LOWE'S #5889 CHAPMANVIEW WV 763,Misc
Kroger Johnsonburgh KY,Groceries
Nelnet LOAN PAYMENT 671,Student Loan
Target #4710 CHRISTOPHERCHESTER CA 119,Misc
Dunkin Millerfort NY,Coffee
Chipotle New Randy GA,Restaurant
Nelnet LOAN PAYMENT 687,Student Loan
Target #3308 PORT BRANDON SC 221,Misc
XFINITY INTERNET 1747 (1976-11-29) 865.323.5212x1192 MO 602,Home Internet
Dunkin Lake Anthony SD,Coffee
Sallie Mae LOAN PAYMENT 589,Student Loan
Kroger Hernandezland NY,Groceries
McDonald's Shawnfort AL,Restaurant
MasterCard E-PAYMENT 2949,Credit Card
Equity Residential RENT PAYMENT Jacksonberg AS,Rent - Mortgage
AvalonBay RENT PAYMENT Hayesbury SC,Rent - Mortgage
Shell FUEL Hayschester OR,Gas
Visa E-PAYMENT 8252,Credit Card
Safeway Port Kimberlyport MO,Groceries
Chipotle Jenniferberg VI,Restaurant
AMEX E-PAYMENT 1902,Credit Card
VERIZON FIOS 9604 (1983-05-17) 838.798.3058x67512 AL 834,Home Internet
Peet's Coffee Bryanberg OR,Coffee
Peet's Coffee Holmesborough KS,Coffee
Dunkin East Tim TN,Coffee
Nelnet LOAN PAYMENT 101,Student Loan
Peet's Coffee Seanview FM,Coffee
Walmart Supercenter Mariahaven VI,Groceries
Disney+ SUB 5031,Subscription
Aqua America WATER BILL 232,Utilities Water
Aqua America WATER BILL 477,Utilities Water
Florida Power & Light ELECTRIC BILL 316 ELECTRIC,Utilities Electric
MasterCard E-PAYMENT 2106,Credit Card
Taco Bell Carterland OK,Restaurant
Equity Residential RENT PAYMENT New Kimberlytown IL,Rent - Mortgage
BP FUEL Ginastad NE,Gas
Exxon FUEL East Alexfort PW,Gas
Essex Property Trust RENT PAYMENT Heathermouth NE,Rent - Mortgage
T-MOBILE 9449 (2009-05-17) (326)963-6688 LA 89462709,Mobile Phone
McDonald's Jasonstad CA,Restaurant
Taco Bell Christophershire MS,Restaurant
Whole Foods Allisonstad GU,Groceries
Florida Power & Light ELECTRIC BILL 837 ELECTRIC,Utilities Electric
AvalonBay RENT PAYMENT New Eduardoville NY,Rent - Mortgage
Shell FUEL East Melissa MD,Gas
Duke Energy ELECTRIC BILL 641 ELECTRIC,Utilities Electric
McDonald's Port Elizabethview CA,Restaurant
Con Edison ELECTRIC BILL 242 ELECTRIC,Utilities Electric
Best Buy #2611 NEW PAULASIDE WA 204,Misc
LOWE'S #9154 APRILSTAD TX 986,Misc
Peet's Coffee Wyattside PR,Coffee
HELLO MOBILE 3673 (2024-07-02) (557)845-7451x2718 MS 21248699,Mobile Phone
Florida Power & Light ELECTRIC BILL 197 ELECTRIC,Utilities Electric
Disney+ SUB 1909,Subscription
Navient LOAN PAYMENT 207,Student Loan
Dunkin Michaelside VI,Coffee
Visa E-PAYMENT 8685,Credit Card
LOWE'S #1937 MICHELLEBOROUGH OR 833,Misc
Safeway New Nathanberg AL,Groceries
Florida Power & Light ELECTRIC BILL 792 ELECTRIC,Utilities Electric
VERIZON FIOS 7767 (1970-01-23) (565)406-4809 RI 172,Home Internet
Exxon FUEL Allenfurt NC,Gas
AMEX E-PAYMENT 1405,Credit Card
Hulu SUB 1671,Subscription
Olive Garden East Melissa VT,Restaurant
Peet's Coffee Mollyland MH,Coffee
Best Buy #5674 BAILEYBERG ID 669,Misc
ATT BILL PAYMENT 2106 (1992-10-03) +1-809-432-6292x680 AS 385,Home Internet
BP FUEL Kennethchester VT,Gas
Starbucks Aguilarhaven MS,Coffee
ATT BILL PAYMENT 2915 (2015-12-08) (528)659-2146 WI 696,Home Internet
VERIZON WIRELESS 3890 (1982-01-08) 001-473-777-1531 MI 67470624,Mobile Phone
LOWE'S #4339 LAKE RICHARD MA 319,Misc
Amazon Prime SUB 8614,Subscription
XFINITY INTERNET 7341 (1987-04-28) 709.487.7029x701 LA 546,Home Internet
Con Edison ELECTRIC BILL 671 ELECTRIC,Utilities Electric
HELLO MOBILE 6968 (1988-02-23) 001-582-951-7161 OH 39225986,Mobile Phone
ATT BILL PAYMENT 6733 (2006-12-03) 904.383.0866 PR 128,Home Internet
MasterCard E-PAYMENT 2757,Credit Card
Nelnet LOAN PAYMENT 788,Student Loan
Taco Bell Underwoodmouth SC,Restaurant
Hulu SUB 8746,Subscription
Con Edison ELECTRIC BILL 425 ELECTRIC,Utilities Electric
AvalonBay RENT PAYMENT Port Emily ME,Rent - Mortgage
VERIZON WIRELESS 5120 (1979-12-21) 950-792-6316x14714 SD 34802801,Mobile Phone
Amazon Prime SUB 5601,Subscription
Equity Residential RENT PAYMENT East Lisa NE,Rent - Mortgage
ATT BILL PAYMENT 3939 (1989-04-29) 514.583.8597x63684 NC 154,Home Internet
Con Edison ELECTRIC BILL 689 ELECTRIC,Utilities Electric
Walmart Supercenter Robinsonport NC,Groceries
Sallie Mae LOAN PAYMENT 361,Student Loan
BP FUEL Johnview IL,Gas
Florida Power & Light ELECTRIC BILL 502 ELECTRIC,Utilities Electric
Amazon Prime SUB 7005,Subscription
LOWE'S #2791 NORTH MELANIEMOUTH MP 574,Misc
ATT BILL PAYMENT 4491 (1992-08-30) 636-352-1431x80301 MD 308,Home Internet
Starbucks Murphyborough LA,Coffee
Home Depot #4527 NORTH ALEXISMOUTH CO 181,Misc
American Water WATER BILL 455,Utilities Water
Sallie Mae LOAN PAYMENT 959,Student Loan
Sallie Mae LOAN PAYMENT 167,Student Loan
Sallie Mae LOAN PAYMENT 841,Student Loan
T-MOBILE 5090 (1970-12-25) 7728952708 AZ 72233092,Mobile Phone
BP FUEL Ayalaland NY,Gas
Hulu SUB 9672,Subscription
Peet's Coffee New Susanport DE,Coffee
